business_id,full_address,open,city,name,latitude,longitude,state,stars,hastv,outdoorseating,attire,alcohol,waiterservice,acceptscreditcards,goodforkids,goodforgroups,pricerange
x5Mv61CnZLohZWxfCVCPTQ,"2819 N Central Ave
Phoenix, AZ 85004",t,Phoenix,Domino's Pizza,33.4794817,-112.0736806,AZ,2.5,f,f,casual,none,f,t,f,f,2
2ZnCITVa0abGce4gZ6RhIw,"1850 N Central Ave
Phoenix, AZ 85004",t,Phoenix,Viad Tower Restaurants,33.4685474,-112.0750849,AZ,3.5,,,,,,t,t,t,1
EmzaQR5hQlF0WIl24NxAZA,"132 E Washington St
Phoenix, AZ 85004",t,Phoenix,Sky Lounge,33.4483992,-112.0717019,AZ,2.5,t,t,casual,full_bar,f,t,f,t,1
KPoTixdjoJxSqRSEApSAGg,"2631 N Central Ave
Phoenix, AZ 85004",t,Phoenix,Wild Thaiger,33.477939,-112.073417,AZ,3.5,t,t,casual,full_bar,t,t,t,t,2
e5kc0CQ4R-PCCDgb274gSg,"455 N 3rd St
Ste 114
Phoenix, AZ 85004",t,Phoenix,Canyon Cafe,33.4521542,-112.0686202,AZ,3.5,t,t,casual,full_bar,t,t,t,t,2
gBcpDl0quCLABsg5OuSFww,"622 E Adams St
Phoenix, AZ 85004",f,Phoenix,Teeter House Tea Room,33.4492979,-112.0655423,AZ,3.5,,t,casual,full_bar,t,t,t,t,2
72N6TdH5MdUWE2YhYRbyxw,"2530 N Central Ave
Phoenix, AZ 85004",t,Phoenix,Burger King,33.47626,-112.074248,AZ,2.5,,,casual,none,f,t,t,f,3
eOgUKCy5-sK-leqIBiNokg,"2 N Central Ave
Phoenix, AZ 85004",f,Phoenix,Copper Square Cafe,33.4484911,-112.0744277,AZ,3.0,f,f,casual,,f,t,t,t,1
neGAQFkBNI8-rpPBLBzNkw,"301 East McDowell Road
Phoenix, AZ 85004",t,Phoenix,Taco Bell,33.46544,-112.06909,AZ,4.0,f,f,casual,none,f,t,t,t,1
45puCRQ6Vh_IIAy7kkfFDQ,"24 N 2nd St
Phoenix, AZ 85004",t,Phoenix,Majerle's Sports Grill,33.4484654,-112.0712574,AZ,3.5,t,t,casual,full_bar,t,t,f,t,2
nc3IiY5LNdmEwUZCW84yuA,"455 N 3rd St
Phoenix, AZ 85004",f,Phoenix,Pizzeria Uno,33.4521542,-112.0686202,AZ,2.5,,t,casual,full_bar,t,t,t,t,2
P7wKlbSRsoRrfH3DFOY08A,"2508 N Central Ave
Phoenix, AZ 85004",t,Phoenix,International House of Pancakes,33.475583,-112.074115,AZ,3.0,f,f,casual,none,t,t,t,t,1
BESmH-lmMm34_EefL8X9fQ,"1830 S Central Ave
Phoenix, AZ 85004",t,Phoenix,Comedor Guadalajara,33.429424,-112.073929,AZ,4.0,f,f,casual,full_bar,t,t,t,t,2
D09yG6Z3gcsh24Qn7Y4gYA,"530 E McDowell Rd
Ste 103
Phoenix, AZ 85004",t,Phoenix,Chico's Tacos,33.4657117,-112.0657286,AZ,3.0,t,t,casual,beer_and_wine,f,t,t,t,1
kaIue7GRCmkPzDeHDBTttQ,"1401 N Central Ave
Phoenix, AZ 85004",t,Phoenix,Phoenix Blue Fin,33.4640982988196,-112.073568999767,AZ,4.0,f,t,casual,none,f,t,t,f,1
j8nyAaN_w5t6wYv-ni23sg,"412 S 3rd St
Phoenix, AZ 85004",f,Phoenix,Coach & Willies,33.443909,-112.070122,AZ,3.0,t,t,casual,full_bar,t,t,f,t,2
5XIvwfbIa-vuFEkkeCQ6kQ,"245 E Jackson St
Phoenix, AZ 85004",f,Phoenix,Jackson's On 3rd,33.4450359,-112.0706266,AZ,2.0,,t,casual,none,t,t,f,t,2
VsO_rhXi5lgbaGxNwoEZsQ,"905 N 4th St
Phoenix, AZ 85004",f,Phoenix,Fate 905,33.4579128,-112.0686777,AZ,3.0,,t,casual,full_bar,t,t,f,f,2
Y293fHh5SZ0_9BZm4M6BCg,"125 E Adams St
Phoenix, AZ 85004",f,Phoenix,Matador Restaurant,33.4493093,-112.07194,AZ,3.0,f,t,casual,full_bar,t,t,t,t,2
XI-_Y2XRw03mozGx0Z90Gw,"50 N Central Ave
Phoenix, AZ 85004",f,Phoenix,Baja Fresh Mexican Grill,33.4487514,-112.0738147,AZ,3.5,f,t,casual,none,f,t,t,t,1
IceZ4BtTz76eppjNWm-c6A,"1030 NW Grand Ave
Phoenix, AZ 85007",f,Phoenix,Paisley Violin,33.4547647,-112.0865171,AZ,3.5,f,t,casual,full_bar,t,t,f,t,1
QsvRjgQacMMFf8dit7qqDw,"823 S Central Ave
Phoenix, AZ 85004",t,Phoenix,New Garden Restaurant,33.439268,-112.073481,AZ,4.0,f,f,casual,none,t,t,t,t,2
LXhL5X3edNRy7epku6UAEw,"3 S 2nd St
Ste 205
Phoenix, AZ 85004",f,Phoenix,Paradise Bakery,33.4470733,-112.0709775,AZ,4.0,,,,,,,,,
-lOSaCuBRAvX5JBifx-EMw,"455 N 3rd St
Phoenix, AZ 85004",t,Phoenix,Mi Amigo's Mexican Grill,33.4521542,-112.0686202,AZ,3.0,t,t,casual,full_bar,t,t,t,t,2
qsWxbgQwuomXvMseg23DGg,"455 N 3rd
190 Arizona Center
Phoenix, AZ 85004",t,Phoenix,Hooters,33.4523351,-112.0696144,AZ,2.5,t,t,casual,full_bar,t,t,f,t,2
DlCtdbceo4YNSI53cCL2lg,"1418 N Central Ave
Phoenix, AZ 85004",t,Phoenix,The Old Spaghetti Factory,33.46425,-112.074153,AZ,3.0,f,f,casual,full_bar,t,t,t,t,2
kR5i58Pcse1FD9tk-yYLlA,"541 E Van Buren St
Phoenix, AZ 85004",t,Phoenix,Crave Sandwich Cafe & Catering,33.450875,-112.066333,AZ,3.5,f,t,casual,none,f,t,t,t,1
2I666dqzs1XB6xigIKa9bA,"2 N Central Ave
Phoenix, AZ 85004",t,Phoenix,Tom's Tavern & 1929 Grill,33.4484248169655,-112.07480205159,AZ,3.0,t,t,casual,full_bar,t,t,f,t,2
yExYqENb4F6qH6kJxTOaSQ,"333 E Jefferson St
Ste 102
Phoenix, AZ 85004",f,Phoenix,Karim's Cobbler Shop & Deli,33.4458023,-112.0691069,AZ,3.5,t,f,casual,none,f,t,t,t,1
9BH18avE46LlHMvJn67MaA,"130 N Central Ave
Phoenix, AZ 85004",f,Phoenix,The Downtown Deli,33.4499524,-112.0740511,AZ,4.0,f,t,casual,none,f,t,t,t,1
trAvQPp7gps0Btk-2AmLpw,"521 W McDowell Rd
Phoenix, AZ 85003",t,Phoenix,Zoes Kitchen,33.465499,-112.081565,AZ,3.5,f,t,casual,none,f,t,t,t,1
VCQ3VvnVRhibTT8J61xWkw,"620 E Buckeye Rd
Phoenix, AZ 85004",t,Phoenix,Jack in the Box,33.4372015,-112.0656044,AZ,2.0,t,f,casual,,,t,t,t,
s6zzKc7UvwDRxn-BFlhiTg,"455 N 3rd St
Phoenix, AZ 85004",t,Phoenix,Subway,33.4521542,-112.0686202,AZ,2.5,f,t,casual,,f,t,t,t,1
4WcxnNv_lzCIG2eb8O5Mlg,"1 E Jackson St
Phoenix, AZ 85004",f,Phoenix,The Brickhouse,33.44455,-112.073577,AZ,3.5,,,casual,full_bar,,t,f,t,2
gkv2XvXpFgiq4Bb2XK7YmQ,"3 S. 2nd Street
Phoenix, AZ 85004",t,Phoenix,Hard Rock Caf√©,33.446885057319,-112.07107588649,AZ,3.0,t,t,casual,full_bar,t,t,t,t,2
If2DUhmWIvlu2JFc_rR-Bw,"2 N Central Ave
Phoenix, AZ 85004",t,Phoenix,Papa Christo's,33.4484911,-112.0744277,AZ,3.5,t,t,casual,none,f,t,t,t,1
xH5axHFadmc7Veutt376TA,"545 E Mcdowell Rd
Phoenix, AZ 85004",t,Phoenix,McDonald's,33.4653345,-112.0655975,AZ,1.5,f,f,casual,none,f,t,t,t,1
Vvh2Hd4SsZjEEfKLNKAEWw,"2817 N Central Ave
Phoenix, AZ 85004",t,Phoenix,Subway,33.479418,-112.0732961,AZ,4.0,f,f,casual,none,f,t,t,t,
sInUSy63Oh455uWs9p9OqQ,"2600 N Central Ave
Phoenix, AZ 85004",t,Phoenix,Central Cafe,33.4771144,-112.0744197,AZ,4.5,t,f,casual,none,f,t,t,t,1
x8WoC_7WHzXNmt6J13Nbvw,"2633 N Central Ave
Phoenix, AZ 85004",f,Phoenix,Jordan's Mexican Food,33.477594,-112.072914,AZ,2.0,,,,,f,f,f,t,1
wki-Qlp3OWgH0XtZ-Jz_WQ,"1 N Central Ave
Phoenix, AZ 85004",t,Phoenix,Duck & Decanter,33.4483756751795,-112.072706876078,AZ,4.0,f,t,casual,beer_and_wine,f,t,t,t,1
OoHWabV-ym7_HWlHeXTsVA,"2818 N Central Ave
Phoenix, AZ 85004",t,Phoenix,Best of Philly,33.4794824,-112.0740962,AZ,3.5,f,t,casual,none,f,t,t,t,1
oSKT5oZX1NWYaHwOWL5lag,"2815 N Central Ave
Phoenix, AZ 85004",t,Phoenix,Ichi Ban Japanese Restaurant & Sushi,33.4794762,-112.0736809,AZ,3.5,t,f,casual,beer_and_wine,t,t,t,t,2
QAe9UHKsxPdXQovBpaznMQ,"2601 N Central Ave
Phoenix, AZ 85004",f,Phoenix,Schlotzskys Deli,33.476644,-112.0736968,AZ,2.5,f,f,casual,none,f,t,t,f,1
q1nDSpmV-FdTBNj6UuZvTg,"2824 N Central Ave
Phoenix, AZ 85004",t,Phoenix,Honey Bear's BBQ,33.4796505,-112.0742162,AZ,3.0,t,t,casual,beer_and_wine,f,t,t,t,2
1-1VcGTL3GyCqUpXZLFTZA,"Chase Field
401 E Jefferson St
Phoenix, AZ 85004",t,Phoenix,Friday's Front Row Sports Grill,33.4453626,-112.0674961,AZ,3.0,t,t,casual,full_bar,t,t,t,t,2
muCl5p-9ut1sY0aKeUeRhw,"1326 N Central Ave
Phoenix, AZ 85004",f,Phoenix,Cheuvront,33.4633319,-112.0741467,AZ,3.5,t,t,casual,full_bar,t,t,f,t,2
oCA2OZcd_Jo_ggVmUx3WVw,"101 E Jackson St
Phoenix, AZ 85004",t,Phoenix,Alice Cooper'stown,33.444801984944,-112.07211772211,AZ,3.5,t,t,casual,full_bar,t,t,t,t,2
eK6KGMKqU_4nB9RdayZD7Q,"602 E Lincoln St
Phoenix, AZ 85004",t,Phoenix,Tee Pee Tap Room,33.442472,-112.065825,AZ,2.5,t,t,casual,full_bar,t,t,f,t,2
jn3OgTqiQIFymRA9U0PTfQ,"401 E Jefferson St
Phoenix, AZ 85004",t,Phoenix,Arizona Baseball Club Restaurant,33.4453626,-112.0674961,AZ,3.5,t,t,casual,full_bar,t,t,t,t,2
odhXwWaYZvD_icIN6f_DbA,"814 N Central Ave
Phoenix, AZ 85004",f,Phoenix,Athenian Express,33.4575099,-112.0741235,AZ,3.5,f,t,casual,none,f,t,t,t,1
avPNEqlXgyBvTXjb-ujQFA,"2835 N 16th St.
#103
Phoenix, AZ 85006",t,Phoenix,Pizza Hut,33.4794961,-112.0469586,AZ,2.0,f,f,casual,none,f,t,t,t,1
ldIxXmxD3Cku0vODGYb9dQ,"2835 N 16th St
Suite 5
Phoenix, AZ 85006",t,Phoenix,Subway,33.4794961,-112.0469586,AZ,2.5,f,f,casual,none,f,t,t,t,1
hWhVP-28LYP3llaMlAJ_JA,"2310 E Mcdowell Rd
Phoenix, AZ 85006",t,Phoenix,Rosita's Place,33.466086,-112.0323491,AZ,4.0,f,f,casual,full_bar,t,t,t,t,1
ixTr1qXUFGTzyaZUuCDDvg,"737 East McDowell Road
Phoenix, AZ 85006",t,Phoenix,Whataburger,33.4654334,-112.063548,AZ,3.0,f,f,casual,none,f,t,t,t,1
ZoQAOnEFnyHjSpomtfqesA,"2022 N 7th St
Phoenix, AZ 85006",f,Phoenix,That's A Wrap,33.4701393,-112.0654347,AZ,4.0,,t,casual,none,f,t,t,f,1
apCfJVnRyaw6oVUBKujpUQ,"1205 E Van Buren St
Phoenix, AZ 85006",t,Phoenix,La Tolteca Mexican Foods,33.45107,-112.055957,AZ,4.0,t,f,casual,beer_and_wine,f,t,t,t,1
ykfTh6HI219NoMsWBxulxw,"1438 E McDowell Rd
Phoenix, AZ 85006",t,Phoenix,Gourmet House Of Hong Kong,33.466043,-112.05026,AZ,3.5,t,f,casual,beer_and_wine,t,t,t,t,1
McdTNj-TUMOlfkHwQWs4rg,"2333 N 16th St
Phoenix, AZ 85006",t,Phoenix,Tacos Mexico,33.4737734,-112.04749,AZ,4.5,t,t,casual,full_bar,,t,t,t,1
tb24fvNJfHhyKEXkKn12Xw,"924 E Roosevelt St
Phoenix, AZ 85006",t,Phoenix,Welcome Diner,33.4588421,-112.0609975,AZ,4.5,f,t,casual,full_bar,t,t,t,t,2
VXIkI9_EbDbYHeO9IzKjJg,"1602 E Roosevelt Rd
Phoenix, AZ 85006",t,Phoenix,Los Altos Ranch Market,33.4599088,-112.04608,AZ,4.5,t,f,casual,beer_and_wine,f,t,t,t,1
VKxn7zmp8nOYT-ZHFZTjgA,"2019 N 16th St
Phoenix, AZ 85006",t,Phoenix,Mariscos Ensenada,33.470153,-112.0474211,AZ,4.5,t,f,casual,full_bar,t,t,t,t,2
rbiRLiFTG098z9JaK3Nshw,"1436 E McDowell Rd
Phoenix, AZ 85006",t,Phoenix,Guanaquito Restaurant,33.4659637,-112.0506694,AZ,4.5,t,f,casual,none,t,t,t,t,1
cgNIBHS2mLdbTRiodAT6EQ,"1017 N 7th St
Phoenix, AZ 85006",t,Phoenix,Tacos De Juarez,33.459347,-112.064755,AZ,4.0,t,f,casual,beer_and_wine,t,t,t,t,1
SZvYxcvYYVRue9MXcEDjsA,"2026 N 7th St
Phoenix, AZ 85006",t,Phoenix,Coco's Family Restaurant,33.4708674,-112.0653819,AZ,3.5,f,f,casual,beer_and_wine,t,t,t,t,1
5-X03Zc0nN7U5eoe8uFUdw,"2201 N 7th St
Phoenix, AZ 85006",f,Phoenix,Coronado Cafe,33.4713,-112.064761,AZ,4.0,f,t,casual,full_bar,t,t,f,f,2
0De3TQ_uSOXwgduKL0va3w,"748 E Mcdowell Rd
Phoenix, AZ 85006",t,Phoenix,Sonic Drive-In,33.4661987,-112.0632154,AZ,3.5,f,t,casual,none,t,t,t,t,1
R6aazv8FB-6BeanY3ag8kw,"2303 N 7th St
Phoenix, AZ 85006",t,Phoenix,MacAlpine's Soda Fountain,33.473125,-112.0650914,AZ,3.5,f,f,casual,none,t,t,t,t,1
Xo9Im4LmIhQrzJcO4R3ZbA,"907 N 14th St
Phoenix, AZ 85006",t,Phoenix,Rito's Market & Mexican Take Out,33.4579361,-112.0520629,AZ,4.5,f,t,casual,none,f,t,t,f,1
TNKr6FelsEqOHnatOgWhog,"2346 E McDowell Rd
Phoenix, AZ 85006",t,Phoenix,Wendy's,33.4660683,-112.0306582,AZ,4.5,t,f,casual,,f,t,t,t,1
NYBx4sdSVrN-I5Q8RfLMPg,"1901 E McDowell Rd
Phoenix, AZ 85006",t,Phoenix,San Carlos Bay Seafood Restaurant,33.4655407,-112.0409279,AZ,4.0,f,f,casual,beer_and_wine,t,t,t,t,2
Cp6JGY5YIRncTV_My9nf9g,"1605 E Garfield St
Phoenix, AZ 85006",t,Phoenix,Mariscos Playa Hermosa,33.4575264,-112.0472803,AZ,4.0,t,f,casual,full_bar,t,t,t,t,2
04HakCR6gEeRYNAoKxkppQ,"1602 E Mcdowell Rd
Phoenix, AZ 85006",t,Phoenix,Hacienda Restaurant,33.4660319,-112.0473925,AZ,3.0,,t,casual,full_bar,t,t,f,t,1
ITyAEjIw9ekv0wXpGHQF1Q,"5024 E McDowell Rd
Phoenix, AZ 85008",t,Phoenix,Subway,33.4658505,-111.9730379,AZ,3.5,f,t,casual,none,,t,f,f,1
q2SZa5g85758iW1L9sSL1g,"1627 N 24th St
Phoenix, AZ 85008",t,Phoenix,Eliana's Restaurant,33.4668576,-112.0298525,AZ,4.0,f,f,casual,none,t,t,t,t,1
po5FyERB4lUZNnBIwnhFlg,"5002 E Mcdowell Rd
Phoenix, AZ 85008",t,Phoenix,Sonic Drive-In,33.4661343,-111.973718,AZ,3.0,f,t,casual,none,t,t,t,t,1
I2IofjP2sHZUkv7pcoc33A,"3164 E McDowell Rd
Phoenix, AZ 85008",t,Phoenix,Burger King,33.466085,-112.013243,AZ,3.0,t,f,casual,none,f,t,t,t,2
VZYMInkjRJVHwXVFqeoMWg,"3215 N Central Ave
Phoenix, AZ 85012",t,Phoenix,Jack-In-the-Box,33.486194,-112.073895,AZ,3.5,,,casual,,,t,t,f,1
_RBUU1y4yJrK0SPAd8z0-w,"5104 E McDowell Rd
Phoenix, AZ 85008",t,Phoenix,Indian Delhi Palace,33.4657562,-111.9718284,AZ,3.5,f,f,casual,full_bar,t,t,t,t,2
WyJuGTwFwoN0k8iX8FsqYw,"1001 N 24th St
Phoenix, AZ 85008",t,Phoenix,Jack-In-the Box Drive Thru,33.458744,-112.029827,AZ,3.0,f,f,casual,none,f,t,t,t,1
PEHJjxdw11TGFma9Zhz3ng,"3102 E McDowell Rd
Phoenix, AZ 85008",t,Phoenix,Red Devil Italian Restaurant & Pizzeria,33.466124,-112.015464,AZ,4.0,t,f,casual,full_bar,t,t,t,t,2
zU8IfotOLryhaz5okWx6cA,"3715 E Van Buren St
Phoenix, AZ 85008",f,Phoenix,Pete's Fish & Chips,33.4509955,-112.0013904,AZ,3.0,,,casual,none,f,t,t,t,1
h2ewvzx8enIwYhNbtIpcZw,"410 N 44th St Ste 180
Phoenix, AZ 85008",t,Phoenix,Gateway Cafe,33.4528001,-111.9898455,AZ,2.5,f,t,casual,none,f,t,t,t,1
xfk9eY8gmwn8qsbyd-W6lQ,"5012 E Van Buren St
Phoenix, AZ 85008",t,Phoenix,Honey Bear's BBQ,33.4514039,-111.973603,AZ,3.0,t,f,casual,beer_and_wine,f,t,t,t,1
_gXpjRIjb5fv5f5IVGXvsw,"1628 N 44th St
Phoenix, AZ 85008",t,Phoenix,Del Taco,33.466688,-111.987753,AZ,3.0,f,f,casual,none,f,t,t,t,1
11TvD4sCfA8GEqLDANpbSQ,"4630 E Van Buren St
Phoenix, AZ 85008",t,Phoenix,Los Jarritos Restaurant,33.4513465,-111.9810889,AZ,3.5,f,f,casual,none,t,f,t,t,1
ZAgPh4v-oOb1g6cdlkKI0g,"326 N 48th St
Phoenix, AZ 85008",t,Phoenix,Phoenix House Of Pizza And Subs,33.4518,-111.9789,AZ,3.5,t,f,casual,none,f,t,t,t,1
2unQHR9uaRxk3dsW6f3MGA,"Cofco Chinese Cultural Ctr
668 N 44th St
Phoenix, AZ 85008",f,Phoenix,Lao Ching Hing,33.4552907,-111.9878697,AZ,3.0,t,f,casual,beer_and_wine,t,t,t,t,2
4rcOm0NnQkBanyS5g7TSNg,"3237 E McDowell Rd
Phoenix, AZ 85008",t,Phoenix,El Nuevo Taquito,33.465718,-112.0112336,AZ,4.0,t,f,casual,none,f,t,t,t,1
s87D-mtAuJ8BluKgYYsXGw,"2831 N 24th St
Phoenix, AZ 85008",t,Phoenix,El Nopalito,33.4796892,-112.0297946,AZ,4.0,t,f,casual,beer_and_wine,t,t,t,t,1
yQONzVpX-DEpGSuKMIov6A,"Cofco Chinese Cultural Center
668 N 44th St, Ste 108
Phoenix, AZ 85008",t,Phoenix,Szechwan Palace,33.4554481,-111.9884856,AZ,3.5,t,f,casual,full_bar,t,t,t,t,2
9tefv6uPxoHhp_OlQQJVXA,"2545 N 32nd St
Phoenix, AZ 85008",t,Phoenix,Canton Wong,33.4766277,-112.0128996,AZ,2.5,,f,casual,none,t,t,t,f,1
Um5VnQXli9IwplV2rmgggg,"2651 N 44th St
Phoenix, AZ 85008",t,Phoenix,Souper Salad,33.478444,-111.9864838,AZ,3.0,f,f,casual,none,t,t,t,t,1
_8Y-XNHmQ76xmxUQIrn0sA,"2303 N 44th St
Ste 16
Phoenix, AZ 85008",t,Phoenix,Blimpie,33.4736745,-111.9862587,AZ,4.0,f,t,casual,none,f,t,t,t,1
rAb_wfdKKPPbcIysjYcW4A,"2801 E Van Buren St
Phoenix, AZ 85008",t,Phoenix,Pozoleria Guerrero,33.450927,-112.0211988,AZ,4.0,t,f,casual,none,t,t,t,t,1
hzUOqxpcnYYBgLlrgvjQYQ,"2547 N 44th St
Phoenix, AZ 85008",t,Phoenix,Applebee's,33.4764103,-111.9864526,AZ,2.0,t,f,casual,full_bar,t,t,t,t,2
5UBAWhxukaPrc_0DalT-3w,"2601 North 44th Street
Phoenix, AZ 85008",t,Phoenix,Taco Bell,33.476956,-111.986944,AZ,3.0,f,f,casual,none,f,t,t,t,1
jzPMl-NoB5F2fwoHX3hN8A,"4001 N Central Ave
Phoenix, AZ 85012",t,Phoenix,Macayo's Mexican Restaurants,33.4926708,-112.0734808,AZ,3.0,t,f,casual,full_bar,t,t,t,t,2
I4L_MJOZsnux3xCU2bLP8Q,"3003 N Central Ave
Ste 118
Phoenix, AZ 85012",t,Phoenix,Cranberry Hills Eatery & Catering,33.4827511,-112.0734569,AZ,3.5,t,t,casual,none,f,t,t,t,1
JN2qXIuDXnV2d8WnSqd28A,"214 E Camelback Rd
Phoenix, AZ 85012",t,Phoenix,Streets of New York,33.5095515,-112.0701304,AZ,3.0,t,t,casual,beer_and_wine,t,t,t,t,2
KIbFaBrZDX7rrYJInkv5Kg,"305 E Thomas Rd
Phoenix, AZ 85012",t,Phoenix,Del Taco,33.4796364,-112.0690845,AZ,3.0,t,f,casual,none,f,t,t,t,1
-AAig9FG0s8gYE4f8GfowQ,"4404 N Central Ave
Phoenix, AZ 85012",t,Phoenix,Pane Bianco,33.5006213,-112.0743113,AZ,4.0,f,t,casual,beer_and_wine,t,t,t,t,2
SfrBXbRdNB_gqPkIgJyKCg,"1331 N 7th St
Phoenix, AZ 85006",t,Phoenix,Bitter Creek Cafe,33.4633481,-112.0640507,AZ,4.0,t,t,casual,none,f,t,t,t,2
7Jmri1RCl9Ksmpi5EoIOZQ,"3111 N Central Ave
Ste 110
Phoenix, AZ 85012",t,Phoenix,Duck & Decanter,33.484705,-112.07333,AZ,4.0,f,t,casual,none,f,t,t,t,1
3xEB9FyFXolq1b_Qn_BFtg,"4240 N Central Ave
Phoenix, AZ 85012",t,Phoenix,George & Dragon Restaurant,33.4978019,-112.074054,AZ,3.5,t,t,casual,full_bar,t,t,f,t,2
SkNUbFJiJtbZjY-S_S0u7g,"50 E Camelback Rd
Phoenix, AZ 85012",f,Phoenix,The Good Egg - Uptown,33.5096052184218,-112.071961359533,AZ,3.5,f,f,casual,none,t,t,t,t,1
g4Eit1EeeEGhTVik6AWYsA,"301 E Indian School Rd
Phoenix, AZ 85012",t,Phoenix,Wendy's,33.4945129,-112.0689256,AZ,1.5,f,f,casual,none,f,t,t,t,1
cIwMq5KNq0ASQzoTP1dE9Q,"5101 N Central Ave
Phoenix, AZ 85012",f,Phoenix,Boston Market,33.5107343896285,-112.073318521973,AZ,4.0,f,f,casual,none,f,t,t,t,1
OkXpdUozVS3vjSRtCoSIvw,"3110 N Central Ave Ste 107
Phoenix, AZ 85012",f,Phoenix,Fusilli's,33.4841425,-112.0746935,AZ,2.5,f,t,,none,f,t,,,1
cjUmPLRT43wN9Z87A9BOpg,"2 E Camelback Rd
Phoenix, AZ 85012",t,Phoenix,Applebee's,33.5095681227152,-112.073327446624,AZ,2.5,t,f,casual,full_bar,t,t,t,t,2
UWrB5H3G-hhiHMy3iKV2ew,"5042 N Central Ave
Phoenix, AZ 85012",t,Phoenix,Cheese 'n Stuff,33.5102286,-112.0741357,AZ,4.5,f,f,casual,none,f,t,t,f,1
zZmhEpiVpRfFQid87-pcOQ,"5050 N Central Ave
Phoenix, AZ 85012",t,Phoenix,Dairy Queen,33.5104095390948,-112.074047388055,AZ,3.5,f,t,casual,none,f,t,t,f,1
-3WVw1TNQbPBzaKCaQQ1AQ,"302 E Flower St
Phoenix, AZ 85012",t,Phoenix,China Chili,33.4859173,-112.0690737,AZ,4.0,f,f,casual,beer_and_wine,t,t,t,t,2
wTiQXYB9fE9rcSZDsZgbtQ,"52 East Camelback Rd.
Phoenix, AZ 85012",f,Phoenix,Sweet Tomatoes,33.509666657083,-112.071740126281,AZ,3.5,f,f,casual,none,f,t,t,t,2
L19_1cG2ALVjdBQ456h26A,"4050 N Central Ave
Phoenix, AZ 85012",t,Phoenix,Yoshi's Restaurant,33.4940597,-112.0741454,AZ,3.0,f,t,casual,none,f,t,t,t,1
OCmmPs_5NBt65ZY7OuG-lA,"3300 N Central Ave Lbby
Phoenix, AZ 85012",t,Phoenix,Sam's Deli Mart,33.6483174,-112.1193731,AZ,4.0,,f,casual,none,f,t,t,t,1
WPSM_oTPceoSnwqQWfAsdg,"3110 N Central Ave
Ste 183
Phoenix, AZ 85012",f,Phoenix,Qdoba Mexican Grill,33.4833078592673,-112.075009830603,AZ,3.0,t,t,casual,none,f,t,t,t,1
5W0WLaM5gue42MQPpcB0lw,"5144 N Central Ave
Phoenix, AZ 85012",f,Phoenix,Katz Delicatessen & Sandwich Shop,33.5126276,-112.0740912,AZ,3.0,,,casual,,,t,t,t,1
3UMcsN9IjoeV8JZvC4apag,"322 East Camelback Rd
Phoenix, AZ 85012",t,Phoenix,Sun Up Brewing,33.5094995,-112.0687616,AZ,3.5,t,t,,beer_and_wine,,t,,t,2
yaTx8l9SrM0qR3Zcdnw5rw,"3838 N Central Ave Ste P6
Phoenix, AZ 85012",f,Phoenix,Le Peep Restaurant On Central,33.4915301,-112.0755533,AZ,3.5,,,casual,,t,,t,t,1
kUGgkYxXxHDhD6mtpQdUNQ,"914 E Camelback Rd
Phoenix, AZ 85014",t,Phoenix,Domino's Pizza,33.5095292,-112.0609579,AZ,3.0,,f,,none,,t,,,2
DeAnVirgOxQnI36V1W158A,"1516 E Thomas Rd
Phoenix, AZ 85014",t,Phoenix,Juan's Authentic Mexican Food,33.4804917,-112.0490225,AZ,4.0,t,f,casual,beer_and_wine,t,t,t,t,1
ML1RJdeZ7bbfMrHvJ7m99A,"1008 E Camelback Rd
Phoenix, AZ 85014",t,Phoenix,Oregano's Pizza Bistro,33.5094801,-112.0601964,AZ,4.0,t,t,casual,full_bar,t,t,t,t,2
nrb_PRgJB-ZOVLD07fikJQ,"6351 N 7th St
Phoenix, AZ 85014",t,Phoenix,Jack in the Box,33.5306963,-112.064714,AZ,2.0,f,f,casual,none,f,t,t,t,1
lFs2xPJ6Nngi6DnHfsX4qA,"926 E Indian School Rd
Phoenix, AZ 85014",t,Phoenix,McDonald's,33.4951243,-112.0618092,AZ,2.0,t,,casual,,,t,t,t,1
-S7aL8dVIiXjCdbTZVn8uA,"5224 N 7th St
Phoenix, AZ 85014",t,Phoenix,Manhattan Pizzeria and Subshop,33.5139355,-112.0652187,AZ,3.5,f,t,casual,none,f,t,t,t,1
FltN1Hnw4n7BORXJH1kaeg,"1588 E Bethany Home Rd
Phoenix, AZ 85014",f,Phoenix,Mediterranean House,33.523734,-112.0479747,AZ,4.0,,f,casual,,t,t,f,t,2
AkOruz5CrCxUmXe1p_WoRg,"914 E Camelback Rd
Phoenix, AZ 85014",t,Phoenix,Cherryblossom Noodle Cafe,33.5095292,-112.0609579,AZ,4.0,f,f,casual,beer_and_wine,t,t,t,t,2
kIvIqHvvFOc6aCutFYIvNg,"1501 E Bethany Home Rd
Phoenix, AZ 85014",t,Phoenix,Taco Bell,33.523756,-112.049638,AZ,2.5,f,f,casual,none,f,t,t,t,1
3CSaqRNvYg7ZdN2zwxwzVw,"6327 N 7th St
Phoenix, AZ 85014",t,Phoenix,Christo's Ristorante,33.529845,-112.064704,AZ,4.0,f,f,casual,full_bar,t,t,f,t,2
FW2Z4ll4zSOEDAJX9-wBZA,"6219 N 7th St
Phoenix, AZ 85014",t,Phoenix,The Great Dane Restaurant,33.52812,-112.0646901,AZ,4.0,f,t,casual,none,f,t,t,t,1
XcwbN5fDlyl8qCttcdDGKA,"5032 N 7th St
Phoenix, AZ 85014",t,Phoenix,Rolberto's,33.5102487,-112.0652928,AZ,3.5,f,t,casual,none,f,t,t,f,1
VlG9qxAc4d0em2djaU__xw,"6247 N 7th St
Phoenix, AZ 85014",t,Phoenix,Jordan's Mexican Food,33.5289148,-112.064517,AZ,3.5,t,f,casual,full_bar,t,t,t,t,2
naUFPFYH2CqHtTrV3IAJrQ,"5505 N 7th St
Phoenix, AZ 85014",f,Phoenix,Crown China Super Buffet,33.5167768,-112.0646478,AZ,2.5,t,f,casual,none,t,t,t,t,1
W8WyVVxinyRjzP8gJa7ILg,"914 E Camelback Rd
Ste 5
Phoenix, AZ 85014",t,Phoenix,Tokyo Express,33.5095292,-112.0609579,AZ,3.0,f,f,casual,none,f,t,t,t,1
MEraJIKYztC7IOzYwMe86g,"502 W Camelback
Phoenix, AZ 85013",f,Phoenix,Raimondo's,33.5102274,-112.0806121,AZ,3.5,t,f,casual,full_bar,t,t,t,t,2
PxeX1M8WtyPxX1MuuGIh-g,"5539 N 7th St
Ste 108
Phoenix, AZ 85014",t,Phoenix,Scott's Generations Restaurant & Delicatessen,33.5184314,-112.0641262,AZ,3.5,t,t,casual,none,t,t,t,t,2
auorqdHiATGZHVd-sd79ZQ,"5150 N 7th St
Phoenix, AZ 85014",t,Phoenix,Pizza Heaven Bistro,33.5124076744064,-112.065353393555,AZ,4.0,t,f,casual,beer_and_wine,t,t,t,t,2
3ZVG1MSRuvheqZ4gOioQVw,"1019 E Indian School Rd
Phoenix, AZ 85014",t,Phoenix,Rack Shack BBQ,33.4942339,-112.0597411,AZ,3.0,,t,casual,none,f,t,t,t,2
FKHv7FkblONv9qqBndJUrg,"5002 North Seventh St
Phoenix, AZ 85014",t,Phoenix,Denny's,33.5094973533149,-112.065289681841,AZ,3.0,t,f,casual,none,t,t,t,t,1
od49_DFUJY9louGx80My-A,"1003 E Indian School Rd
Phoenix, AZ 85014",f,Phoenix,Pancho's Mexican Buffet,33.4943842,-112.0606304,AZ,2.5,,f,casual,beer_and_wine,t,t,t,t,1
t30Ua_mSiClnpBqud84ygw,"1575 E Camelback Rd
Phoenix, AZ 85014",f,Phoenix,Imperial Garden Chinese Buffett,33.5089548,-112.0483091,AZ,3.0,,,casual,,,,,t,1
lHKS896yFkmAuWyFnbNP3A,"4810 N 7th St
Phoenix, AZ 85014",f,Phoenix,King Solomon's Pizza,33.5080653,-112.065452,AZ,4.5,f,t,casual,none,f,t,t,t,1
LzpR_jE6VIutJ08s2cdRrw,"4626 N 16th St
Phoenix, AZ 85016",f,Phoenix,Coup Des Tartes,33.504777,-112.047846,AZ,4.0,t,t,casual,full_bar,t,t,f,t,3
0K35eGvzVRZEirNo5v_WfA,"5101 N 16th St
Phoenix, AZ 85016",t,Phoenix,Ajo Al's Mexican Cafe,33.5113051,-112.0471421,AZ,3.5,t,t,casual,full_bar,t,t,t,t,2
m9k4BhXgNTBTguxvLNUaEg,"3015 E Thomas Rd
Ste 7
Phoenix, AZ 85016",t,Phoenix,Kim's Chinese Kitchen,33.4797994,-112.0166115,AZ,3.5,f,f,casual,none,f,f,t,t,1
BT2Vls7h6sWrCKa5gGXbKg,"2812 E Thomas Rd
Phoenix, AZ 85016",t,Phoenix,Long Wong's Restaurant,33.4807981,-112.0208269,AZ,3.5,t,t,casual,none,f,t,t,t,1
UlShIstbG4Yfh0MpTAEciA,"4102 N 24th St
Phoenix, AZ 85016",t,Phoenix,Subway,33.4953308,-112.0308013,AZ,3.0,,f,casual,none,f,t,t,t,1
t54zAs7IftAVb9SKcCRotw,"3015 E Thomas Rd
Phoenix, AZ 85016",f,Phoenix,Bacchanal Ristorante,33.4797994,-112.0166115,AZ,4.0,f,f,casual,full_bar,t,t,t,t,2
HNusESyB6lEgrf5IUwUr_g,"1747 E Camelback Rd
Phoenix, AZ 85016",t,Phoenix,Sub Factory,33.5091991,-112.0440506,AZ,3.5,t,t,casual,none,f,t,t,t,1
XzR49vhfm5ugcPJ3x_c2KQ,"6102 N 16th St
Phoenix, AZ 85016",f,Phoenix,A & J Chicago Style Bar-B-Q,33.5258838,-112.047946,AZ,3.5,,f,casual,beer_and_wine,f,t,t,t,2
18TUn9oiW0k0yB6lheiOvw,"6003 N 16th St
Phoenix, AZ 85016",t,Phoenix,TEXAZ Grill,33.523984,-112.04698,AZ,4.0,t,f,casual,full_bar,t,t,t,t,2
ntJAKLAq0cXzzdFgPoo0Iw,"4812 N 16th St
Phoenix, AZ 85016",t,Phoenix,Harvey's Wineburger,33.5080289,-112.0479851,AZ,4.0,t,f,casual,full_bar,t,t,f,t,1
OT0gFIAr_c-d3i-IQ6TZQg,"1615 E Camelback Rd
Phoenix, AZ 85016",f,Phoenix,Baja Fresh Mexican Grill,33.5088898,-112.046771,AZ,3.5,t,t,casual,none,f,t,t,t,1
c0RSs2KYK5Y-ZlSrNq9LyA,"6845 N 16th St
Phoenix, AZ 85016",t,Phoenix,Moto Sushi,33.5373903,-112.0472679,AZ,3.5,t,t,casual,full_bar,t,t,t,t,2
Tk2dSL0TwQeI_zNJmb442A,"1602 E Indian School Rd
Phoenix, AZ 85016",t,Phoenix,Luke's of Chicago's,33.4949943,-112.0473119,AZ,3.5,t,f,casual,none,f,t,t,f,1
GpK9MeUjEd7rwhejG2ykww,"5220 N 16th St
Phoenix, AZ 85016",t,Phoenix,5 & Diner,33.513505,-112.0479841,AZ,3.5,f,t,casual,none,t,t,t,t,2
KNIw6kwf8LZkrS1lEnaLiw,"1641 E Camelback Rd
Phoenix, AZ 85016",t,Phoenix,Einstein Bros Bagels,33.508799,-112.0458179,AZ,2.5,f,t,casual,none,f,t,t,t,1
74NT13vpDleoNrkxQdEpsQ,"1635 E Camelback Rd
Phoenix, AZ 85016",t,Phoenix,McDonald's,33.5087649,-112.04624,AZ,3.0,t,f,casual,none,f,t,t,t,1
KLaxBc83JnxyGf7GP7enYA,"1940 E Camelback Rd
Phoenix, AZ 85016",t,Phoenix,Greekfest Restaurant,33.5098669,-112.0394971,AZ,3.5,t,f,casual,full_bar,t,t,t,t,2
X8dNaEFH7LWDt1ORmkfDTg,"4811 N 16th St
Ste 105
Phoenix, AZ 85016",t,Phoenix,Subway,33.5073239,-112.0468584,AZ,3.0,f,f,casual,none,f,t,t,t,1
gQjTs4BDNYSu9oJhkEsssw,"1743 E. Camelback Road
Phoenix, AZ 85016",t,Phoenix,Lone Star Steakhouse,33.508732,-112.043847,AZ,3.5,t,f,casual,full_bar,t,t,t,t,2
ib-y5nsfn3unE0lLY1vfAw,"1812 E Camelback Rd
Phoenix, AZ 85016",t,Phoenix,Arriba Mexican Grill,33.5095722,-112.0425792,AZ,3.5,t,f,casual,full_bar,t,t,t,t,2
Pfb6VOIiroqDWOebfgWGPQ,"5816 N 16th St
Phoenix, AZ 85016",t,Phoenix,Phoenix City Grille,33.5223999,-112.0478399,AZ,4.0,t,t,casual,full_bar,t,t,f,t,2
HIiVx2mseVWKtx8TKfWC_A,"1651 E Camelback Rd
Phoenix, AZ 85016",t,Phoenix,Duck & Decanter,33.5075996,-112.0448199,AZ,4.0,f,t,casual,beer_and_wine,f,t,t,t,2
jSEcE8AY-mzGq9EOiyrtng,"6522 N 16th St
Phoenix, AZ 85016",f,Phoenix,Europa Pastry Cafe,33.5318417,-112.0479816,AZ,4.5,f,f,casual,none,f,t,t,f,1
SOHp2b8quJEitFeuO58Syw,"1720 E Camelback Rd
Phoenix, AZ 85016",f,Phoenix,Fish Market Restaurant,33.5101676,-112.0449114,AZ,3.5,,t,casual,full_bar,t,t,t,t,2
LYyGQgL60VKdV-p_9OxmWQ,"4515 N 16th St
Phoenix, AZ 85016",t,Phoenix,Flavors of India,33.5026383,-112.0470936,AZ,3.5,t,f,casual,full_bar,t,t,t,t,2
RoErsFPM0A-1SCqD-FRV_Q,"1949 E Camelback Rd
Ste 164
Phoenix, AZ 85016",f,Phoenix,Kyoto Bowl,33.507455,-112.040131,AZ,1.0,,,,,,,,,
T5HYqRADhAL6VPRAacz74Q,"6102 N 16th St
Phoenix, AZ 85016",t,Phoenix,Niccoli's Italian Grocery & Deli,33.5258838,-112.047946,AZ,4.5,t,f,casual,none,f,t,t,t,1
AyPmMe8GW6J26NvT_oI88Q,"6339 N 16th St
Phoenix, AZ 85016",f,Phoenix,Dairy Queen,33.5306354,-112.0472356,AZ,3.0,,f,casual,none,f,t,t,,1
GGhyhajTNKm5yTxtAoaxIw,"1949 E Camelback Rd
Ste 140
Phoenix, AZ 85016",f,Phoenix,Kokopelli Mexican Grill,33.507455,-112.040131,AZ,3.5,,f,casual,,f,t,t,t,1
BJLoCsSp2TkHeTv00fJTVQ,"5832 16th Street
Phoenix, AZ 85016",t,Phoenix,Pizza Hut,33.5227283,-112.0480071,AZ,3.0,t,f,casual,none,f,t,f,f,2
CqhsIZ7TzCfJTrZqg5-gqQ,"1904 E Camelback Rd
Phoenix, AZ 85016",t,Phoenix,Armadillo Grill,33.509564,-112.0408787,AZ,4.0,t,t,casual,full_bar,t,t,f,t,2
5kRug3bEienrpovtPRVVwg,"6335 N 16th St
Phoenix, AZ 85016",t,Phoenix,Rokerij,33.530335,-112.047101,AZ,4.0,t,f,casual,full_bar,t,t,f,t,2
TqHTtjPANCBKGsjGBjDoQQ,"1949 E Camelback Rd
Ste 144
Phoenix, AZ 85016",t,Phoenix,NYPD Pizza,33.507455,-112.040131,AZ,4.0,t,t,casual,full_bar,t,t,t,t,2
VpW40mznMS43CqdbelX2wA,"2824 E Indian School Rd
Ste 210
Phoenix, AZ 85016",t,Phoenix,Giuseppe's on 28th,33.4962555,-112.0205287,AZ,3.5,f,t,casual,full_bar,t,t,t,f,2
PAtgWCLCFRQd_fjnihISOg,"3159 E Lincoln Dr
Phoenix, AZ 85016",t,Phoenix,L'Amore Italian Restaurant,33.5305094,-112.0154818,AZ,4.0,t,t,casual,full_bar,t,t,f,t,2
JxgoluY8hnC34cys_f80xA,"2501 E Camelback Rd
Ste 30
Phoenix, AZ 85016",f,Phoenix,Deemos American Grill,33.5080183,-112.0270172,AZ,2.0,,t,casual,full_bar,t,t,f,t,2
WzhHlaEyaHE4KIFfcqC_9g,"3033 E Indian School Rd
Phoenix, AZ 85016",t,Phoenix,Filiberto's Mexican Food Restaurant,33.4948208,-112.0163009,AZ,2.5,t,f,casual,none,f,t,t,t,1
MU3i2uEyUBntebU6pEyMbw,"2575 E Camelback Rd
Ste 175
Phoenix, AZ 85016",f,Phoenix,McCormick & Schmicks Seafood Restaurant,33.508229,-112.0265212,AZ,4.0,t,t,casual,full_bar,t,t,f,t,3
rJ7HH85lo0wTNr5BiYGQ4Q,"Arizona Biltmore
2400 E Missouri Ave
Phoenix, AZ 85016",t,Phoenix,The Adobe Restaurant,33.5232267,-112.0232519,AZ,3.0,t,t,casual,full_bar,t,t,t,t,2
bxpzP73A7gauvxFEyd_8xA,"3405 N 24th St
Ste B
Phoenix, AZ 85016",f,Phoenix,Olympic Gyros,33.4880275,-112.0299544,AZ,3.5,,t,casual,none,f,t,t,f,1
ET9VpUk1UgjMN5DJRV0yOw,"2584 E Camelback Rd
Phoenix, AZ 85016",f,Phoenix,Christopher's Fermier Brasserie & Paola's Wine Bar,33.5096247,-112.0253774,AZ,3.0,,t,casual,full_bar,t,t,f,t,3
ut-kla-EA23nJOij_dcL0Q,"2400 E Camelback Rd
Ste 112
Phoenix, AZ 85016",t,Phoenix,California Pizza Kitchen,33.5094212,-112.0301061,AZ,3.5,t,f,casual,full_bar,t,t,t,t,2
bewtZL-VV1oeGUdAhHVz6Q,"2630 E Camelback Rd
Phoenix, AZ 85016",t,Phoenix,Omaha Steakhouse,33.5109749,-112.0249026,AZ,3.5,f,f,casual,full_bar,t,t,f,t,2
-yPdEze6bYRV2Sm1t4XJhg,"1928 E Highland Ave
Phoenix, AZ 85016",f,Phoenix,Fuddruckers,33.5057196,-112.040429,AZ,4.0,,f,casual,beer_and_wine,f,t,t,t,2
fmuj7u1gflmEjW-h0v9bwg,"1949 E Camelback Rd
Ste 160
Phoenix, AZ 85016",f,Phoenix,Miracle Mile Delicatessen,33.507557,-112.040116,AZ,4.0,f,t,casual,beer_and_wine,f,t,t,t,2
2r8jGeuYvMkyP2ik_X-Bxw,"2402 East Camelback
Space #101
Phoenix, AZ 85016",t,Phoenix,The Cheesecake Factory,33.5100084467657,-112.029651966191,AZ,3.5,t,t,casual,full_bar,t,t,t,t,2
MUsqPXthMdHoPEow9M3MfA,"3102 E Camelback Rd
Phoenix, AZ 85016",f,Phoenix,La Madeleine French Bakery & Cafe,33.510311,-112.01556,AZ,3.0,f,f,casual,,,f,,t,2
kjZJsF1juY_pTOw_A8Ve6w,"2057 E Camelback Rd
Phoenix, AZ 85016",f,Phoenix,Chili's Grill & Bar Catering,33.5092616,-112.0376214,AZ,3.0,t,t,casual,full_bar,t,t,t,t,2
C37jakxE5TX6ccAfjp2kJA,"2501 E Camelback Rd
Phoenix, AZ 85016",f,Phoenix,Nixon's,33.5080183,-112.0270172,AZ,3.5,,t,casual,full_bar,t,t,f,t,2
Ta-fY1c_E8qHBBDQGyxPkg,"The Ritz-Carlton
2401 E Camelback Rd
Phoenix, AZ 85016",f,Phoenix,Bistro 24,33.508711,-112.02943,AZ,4.0,t,t,dressy,full_bar,t,t,f,t,2
QdbZyl-LWFS54u93Vjd5SA,"2502 E Camelback Rd
Phoenix, AZ 85016",t,Phoenix,The Capital Grille,33.5104258,-112.0284918,AZ,4.0,f,t,dressy,full_bar,t,t,f,t,3
o3TruOSgOwNgx08QosuWTw,"2750 E Thomas Rd
Phoenix, AZ 85016",t,Phoenix,Julioberto's,33.4805749,-112.0217796,AZ,3.5,t,f,casual,none,f,t,t,f,1
Rg3INE2p4zQYvfMvJduEOQ,"4747 N 20th St
Phoenix, AZ 85016",f,Phoenix,Cyprus Grill of Phoenix,33.5062561,-112.0388468,AZ,4.0,t,t,casual,beer_and_wine,t,t,t,t,1
imvNxppzxkLUPH64pQsDQg,"2400 E Missouri Ave
Phoenix, AZ 85016",t,Phoenix,Wright's,33.5232267,-112.0232519,AZ,4.5,f,t,dressy,full_bar,t,t,f,t,3
syxUZu1GrJv0LYnV38hMug,"3414 N 24th St
Phoenix, AZ 85016",f,Phoenix,Losbetos Mexican Food,33.4881545,-112.0304886,AZ,3.5,,t,casual,,f,t,t,f,1
3m7khDnqH9QOg8gu3Ymumw,"2375 E Camelback Road
Phoenix, AZ 85016",f,Phoenix,Oscar Taylor's,33.5084591,-112.0307315,AZ,3.0,,t,casual,full_bar,t,t,,t,2
Uov4o_7gRqQKQyjVhWOpVA,"2566 E Camelback Rd
Ste 201
Phoenix, AZ 85016",f,Phoenix,Sam's Cafe,33.5095991,-112.0260037,AZ,3.5,,t,casual,full_bar,t,t,t,t,2
NDKkce5Au-o_OhIt5f2ZBg,"3160 E Camelback Rd
Phoenix, AZ 85016",f,Phoenix,Zen 32,33.5100591,-112.0142073,AZ,3.0,,t,casual,full_bar,t,t,f,t,2
K9fIADfO_zKFPFm75A1Hxw,"2450 E Indian School Rd
Phoenix, AZ 85016",t,Phoenix,Taco Bell,33.494876,-112.028973,AZ,2.5,f,f,casual,none,f,t,t,t,1
UxMnY3Dxafucv5cXHyfBSA,"2328 E Indian School Rd
Phoenix, AZ 85016",t,Phoenix,New Hong Kong,33.4949655,-112.0310218,AZ,3.0,f,f,casual,none,t,t,t,t,1
24qSrF_XOrvaHDBy-gLIQg,"2119 E Camelback Rd
Phoenix, AZ 85016",f,Phoenix,Baby Kay's Cajun Kitchen,33.5075394,-112.0375184,AZ,3.5,t,t,casual,full_bar,t,t,t,t,2
YSQnaRE4Le6CaonZICFyVQ,"2057 E Camelback Rd
Phoenix, AZ 85016",f,Phoenix,Chili's Grill and Bar,33.5092616,-112.0376214,AZ,2.0,t,,,,,t,,,
yLfYR-PvIzAv9DnEH68Rgw,"2596 E Camelback Rd
Ste 201
Phoenix, AZ 85016",f,Phoenix,The Bamboo Club,33.5096327,-112.0252067,AZ,2.5,,,casual,,,t,,,3
U2hhSRVHfBryKPNTgasprA,"4719 N 20Th St
Phoenix, AZ 85016",f,Phoenix,Blimpie,33.5059283,-112.0388474,AZ,4.5,f,f,casual,none,f,t,t,t,1
yPfvOB63thP5t3pGZPJExA,"2501 E Telewa Trl
Phoenix, AZ 85016",t,Phoenix,The Wrigley Mansion Club,33.523043,-112.026658,AZ,3.5,t,t,dressy,full_bar,t,t,f,t,3
u0zjW7rluJgUeQTnaZnkJQ,"3150 E Thomas Rd
Phoenix, AZ 85016",t,Phoenix,Church's Chicken,33.480769,-112.0133391,AZ,1.0,f,f,casual,none,f,t,t,f,1
CkQKNhlm8DOzxbXm_zb3bg,"2442 E Camelback Rd
Phoenix, AZ 85016",f,Phoenix,The Vintage Market,33.5094566,-112.0291624,AZ,4.5,,,casual,,f,t,f,f,2
lgWe8lSmcBk4Pq0kVI9-0A,"2436 East Indian School Road
Phoenix, AZ 85016",t,Phoenix,KFC,33.4949,-112.029,AZ,2.0,f,f,casual,none,f,t,t,t,1
rVUEZpHQfWI_3kt0lBwaxQ,"3114 E Camelback Rd
Phoenix, AZ 85016",t,Phoenix,Keegan's Grill,33.5100215,-112.0153526,AZ,3.5,t,t,casual,full_bar,t,t,t,t,2
oEjdNvlluW5_Ng9kewJFBg,"2650 E Camelback Rd
Phoenix, AZ 85016",f,Phoenix,Chevys Fresh Mex Restaurant,33.510034,-112.0241743,AZ,2.5,,t,casual,,t,t,t,t,2
Vu8od1U-h5qqwj3Jf_Hnzg,"2045 E Camelback Rd
Phoenix, AZ 85016",f,Phoenix,Souper Salad,33.5082758,-112.0372054,AZ,3.5,f,t,casual,none,t,t,t,t,1
_BhzcKojv1gjdRINe3Gkig,"The Shops at the Esplanade
2501 E. Camelback Rd.
Phoenix, AZ 85016",f,Phoenix,Morton's The Steakhouse,33.5080183,-112.0270172,AZ,4.0,t,f,dressy,full_bar,t,t,f,t,4
vvA3fbps4F9nGlAEYKk_sA,"2728 E Thomas Rd
Phoenix, AZ 85016",t,Phoenix,Avanti,33.4804921,-112.0221966,AZ,4.0,t,t,dressy,full_bar,t,t,f,t,3
4rySWsfL5enT7t4XuVNJuQ,"2323 E Thomas Rd
Phoenix, AZ 85016",t,Phoenix,Jerry's Restaurant,33.479978,-112.0320199,AZ,3.5,f,f,casual,none,t,t,t,t,1
OypZxwm-jS9QfUwgBmzeyw,"2576 E Camelback Rd
Phoenix, AZ 85016",f,Phoenix,Steamers Genuine Seafood,33.5096101,-112.0257117,AZ,3.0,,t,casual,full_bar,t,t,f,t,3
NVqLUZ7Vb9B_0RJm_BS64g,"2333 E Osborn Rd
Phoenix, AZ 85016",f,Phoenix,Linda's On Osborn,33.4872648,-112.0308423,AZ,3.5,f,f,casual,beer_and_wine,t,t,t,t,1
C6oCdg9wVaS81Re0WfBJzw,"2347 E Osborn Rd
Phoenix, AZ 85016",t,Phoenix,Mr Submarine,33.4872299,-112.0305386,AZ,4.0,f,f,casual,none,f,t,t,t,1
PuHucejs4LG3hSXnrwi9-g,"2320 E Osborn Rd
Phoenix, AZ 85016",f,Phoenix,Sophie's French Bistro,33.4878123,-112.0314685,AZ,4.0,,t,dressy,full_bar,t,t,f,t,3
3DMvGD8ZmlMQmhwV66hdSA,"2710 E Indian School Rd
Phoenix, AZ 85016",t,Phoenix,China Village,33.495343,-112.022973,AZ,4.0,t,f,casual,full_bar,t,t,t,t,2
VWcaFOSFcDwmFquycBzFyQ,"3168 E Indian School Rd
Phoenix, AZ 85016",t,Phoenix,Frank's Pizza & Wings,33.4960379,-112.0142962,AZ,3.5,t,t,casual,none,f,t,t,f,1
69t2S1u7Rf6qM_c14b42xQ,"2820 E Indian School Rd
Phoenix, AZ 85016",t,Phoenix,Manuel's Mexican Restaurant & Cantina - 28th St,33.4953008,-112.0207982,AZ,3.5,t,t,casual,full_bar,t,t,t,t,2
iDoigI3605ixHl_qHly3Tg,"2201 E Camelback Rd
Ste 106-A
Phoenix, AZ 85016",f,Phoenix,Ruth's Chris Steak House,33.5089836,-112.0339775,AZ,4.0,t,f,dressy,full_bar,t,t,f,t,3
zMa6YoEekpABg1HZnnTZdg,"2650 E Camelback Rd
Phoenix, AZ 85016",t,Phoenix,Hillstone Restaurant,33.510034,-112.0241743,AZ,4.0,t,t,casual,full_bar,t,t,f,t,3
gxuVySgACHDqJlwmelFHLA,"5619 E Indian School Rd
Phoenix, AZ 85018",t,Phoenix,56th St Deli & Market,33.488839,-111.959883,AZ,4.5,t,t,casual,,,t,t,f,1
cvb__rYMkj4BMhC3p_FB3Q,"4041 E Thomas Rd
Ste 107
Phoenix, AZ 85018",f,Phoenix,Olympic Flame,33.4797564,-111.9941067,AZ,4.0,,,casual,,t,t,t,t,2
VpSiOW1PapVmZyyRBK_GBQ,"3930 E Camelback Rd
Ste 202
Phoenix, AZ 85018",t,Phoenix,Vincent's On Camelback,33.5102548,-111.9962632,AZ,3.5,f,f,dressy,full_bar,t,t,f,t,3
Upru5VE0jZ81ZQVVNCK_uA,"3330 E Thomas Rd
Phoenix, AZ 85018",t,Phoenix,Sonic Drive-In,33.4804941,-112.0096144,AZ,3.0,f,t,casual,none,t,t,t,t,1
oc0Wl6ktfMLb5VZ2Uz6M2A,"3930 E Camelback Rd
Phoenix, AZ 85018",t,Phoenix,Vincent Market Bistro,33.5102548,-111.9962632,AZ,4.5,f,t,casual,beer_and_wine,t,t,f,t,2
_ODHYjCmrb3W9hIGJI1uaA,"3239 E Indian School Rd
Phoenix, AZ 85018",t,Phoenix,Loving Hut,33.4949196,-112.0113575,AZ,4.0,t,f,casual,none,t,t,t,t,1
CvJNcUtmNubDF8UmuduNXg,"3945 E Thomas Rd
Phoenix, AZ 85018",t,Phoenix,Peter Piper Pizza,33.4799876,-111.9960078,AZ,2.5,t,f,casual,,f,t,t,t,2
y-uHaMLLWQydSyWJawLIUw,"3923 E Thomas Rd
Phoenix, AZ 85018",t,Phoenix,Ono Hawaiian BBQ,33.47987,-111.9978239,AZ,3.0,f,t,casual,none,f,t,t,t,1
nLpV9fo8xml-QHOKyOje2A,"3923 E Thomas Rd
Phoenix, AZ 85018",t,Phoenix,Panda Express,33.4800565579958,-111.997838758408,AZ,2.5,f,t,casual,none,f,t,t,t,1
JobP0ghILdh8S8l-LhHHxQ,"3955 E Thomas Rd
Phoenix, AZ 85018",f,Phoenix,Armando's Mexican Food,33.4797323,-111.9958677,AZ,3.0,f,f,casual,none,f,t,t,t,1
9Dj2we91vaYDVhfq6t-Luw,"4539 E Thomas Rd
Phoenix, AZ 85018",t,Phoenix,Subway,33.479698,-111.982927,AZ,3.0,f,t,casual,,f,t,t,t,1
edjCywtqffQ8__vM7POZbw,"4340 E Indian School Rd
Phoenix, AZ 85018",t,Phoenix,Rubio's,33.4954826,-111.9883722,AZ,4.0,f,t,casual,beer_and_wine,f,t,t,t,1
hLAWdi804nVfTLF7T0rB1Q,"4011 N 32nd St
Phoenix, AZ 85018",t,Phoenix,La Salsita,33.4937828,-112.0126092,AZ,4.0,t,t,casual,none,f,t,t,t,1
K2_Hmmo5crTYWiT_1sWnfQ,"4423 E Thomas Rd
Phoenix, AZ 85018",t,Phoenix,Chipotle Mexican Grill,33.4797987,-111.9862169,AZ,3.0,f,t,casual,beer_and_wine,f,t,t,t,1
ejfy33R1avFm7oygL34uQg,"4502 E Thomas Rd
Phoenix, AZ 85018",f,Phoenix,Elie's Deli,33.4804959,-111.9842703,AZ,4.5,f,t,casual,none,f,f,t,f,1
T-FM14EE1tt-94eONQEaVA,"4046 E Thomas Rd
Phoenix, AZ 85018",f,Phoenix,Fazoli's,33.4807571,-111.9933897,AZ,2.5,,,casual,none,,,,t,
j0Uc-GuOe-x9_N_IK1KPpA,"3724 E Indian School Rd
Phoenix, AZ 85018",t,Phoenix,Slice of Sicily,33.4957183,-112.0009841,AZ,4.0,t,f,casual,none,t,t,t,t,1
fVgrpVyp-nPLTac9YIjTug,"5200 E Camelback Rd
Phoenix, AZ 85018",t,Phoenix,T Cook's Restaurant,33.504688,-111.969094,AZ,4.0,f,t,dressy,full_bar,t,t,f,t,3
5Js9G0axfWhbYlB9UgXLww,"4401 E Indian School Rd
Phoenix, AZ 85018",t,Phoenix,Einstein Bros Bagels,33.4944532,-111.9863667,AZ,3.0,f,t,casual,none,f,t,t,t,1
N-gqIeVDebI3qgwxf1jMcw,"3214 E Indian School Rd
Phoenix, AZ 85018",t,Phoenix,McDonald's,33.4955884,-112.0122452,AZ,3.5,f,f,casual,none,f,t,t,t,1
2dJ_UPPCpcjo5JeYPnjaYw,"4445 E Thomas Rd
Phoenix, AZ 85018",t,Phoenix,Schlotzsky's,33.4798593,-111.9854952,AZ,3.0,f,t,casual,none,f,t,t,t,1
2gMx4KnXbNtpoCuVCmyo3g,"4601 E Thomas Rd
Phoenix, AZ 85018",f,Phoenix,Coco's Restaurant,33.4799122,-111.9823037,AZ,2.0,,f,casual,beer_and_wine,t,t,t,f,2
S8R5c7-plWe3NtmijYAJvg,"4247 E Indian School Rd
Phoenix, AZ 85018",t,Phoenix,Sacks Art of Sandwicherie,33.494594,-111.9893448,AZ,3.5,f,t,casual,none,f,t,t,t,1
SDwYQ6eSu1htn8vHWv128g,"3939 E Campbell Ave
Phoenix, AZ 85018",t,Phoenix,Postino Arcadia,33.5021111,-111.9963386,AZ,4.5,f,t,casual,beer_and_wine,t,t,f,t,2
7UTlEVHU5v2xBLdkGghyzQ,"3222 E Indian School Rd
Phoenix, AZ 85018",f,Phoenix,Chuy's Mesquite Broiler,33.495636,-112.0118971,AZ,3.5,,t,casual,full_bar,f,t,t,t,1
yJr24Yy1K6bt2G9fX3_zPA,"4225 E Camelback Rd
Phoenix, AZ 85018",f,Phoenix,Havana Cafe,33.509198,-111.988715,AZ,3.5,f,t,casual,full_bar,t,t,f,t,2
wdEnI9WTLHiqSCH1RdJ40w,"4732 E Thomas Rd
Phoenix, AZ 85018",t,Phoenix,Los Armandos,33.480391,-111.978627,AZ,3.0,t,f,casual,none,f,t,t,t,1
qz4ZOcv-840UjfCEYI4qZg,"4829 E Indian School Rd
Phoenix, AZ 85018",t,Phoenix,JT's Bar & Grill,33.494204,-111.976613,AZ,4.5,t,t,casual,full_bar,t,t,f,f,1
FRDZ59oRvUSs4gf-itOCBg,"4343 E Camelback Rd
Phoenix, AZ 85018",t,Phoenix,Jack in the Box,33.5091326,-111.9875851,AZ,3.5,,f,casual,none,f,t,t,t,1
m9Wqqma30o-hH2fAX7dnug,"3215 E Indian School Rd
Phoenix, AZ 85018",t,Phoenix,Desert Jade,33.494918,-112.012263,AZ,4.0,f,f,casual,full_bar,t,t,t,t,2
7SoGPn8dvce7A1aHdBOGLA,"3220 E Thomas Rd
Phoenix, AZ 85018",f,Phoenix,Mariscos Acapulco,33.4808032546782,-112.011249084328,AZ,4.0,t,f,casual,beer_and_wine,t,t,t,t,2
To5CjntVFawXM_hpAhvVdQ,"5029 N 44th St
Phoenix, AZ 85018",t,Phoenix,Wally's' American Pub N Grill,33.5106319,-111.9861318,AZ,4.0,t,t,casual,full_bar,t,t,t,t,2
UxvOXcoCRFRAVhRB0D9imw,"5053 N 44th St
Phoenix, AZ 85018",f,Phoenix,Taylor's Cafe,33.5106537,-111.9866156,AZ,3.5,f,t,casual,none,t,t,t,t,2
sMD2HPNh7m0hgCxHDzGTzQ,"3224 E Thomas Rd
Phoenix, AZ 85018",t,Phoenix,Golden Coin,33.4808649,-112.0116306,AZ,2.5,f,f,casual,none,f,f,t,f,1
TBTaMIaeDw5B79hXDZBtrA,"4102 E Thomas Rd
Phoenix, AZ 85018",t,Phoenix,El Pollo Loco,33.4806911,-111.9926934,AZ,3.0,f,t,casual,none,f,t,t,t,1
MPziC5MO2QQiYVAMM3fdSw,"4231 E Indian School Rd
Phoenix, AZ 85018",f,Phoenix,La Fontanella Restaurant,33.4946209,-111.98983,AZ,4.0,f,f,dressy,full_bar,t,t,f,f,2
iNvY0zAlaD_ye7Z6rHu-Ug,"3749 E Indian School Rd
Phoenix, AZ 85018",t,Phoenix,Chicago Hamburger Co,33.4947745,-112.0000425,AZ,4.0,t,t,casual,none,f,t,t,t,1
wct7rZKyZqZftzmAU-vhWQ,"3738 E Indian School Rd
Phoenix, AZ 85018",t,Phoenix,Thai Lahna Restaurant,33.4957653,-112.0005158,AZ,3.5,f,f,casual,beer_and_wine,t,t,t,t,2
y9hLY6sdKhxz1puWrp5f2Q,"3702 E Thomas Rd
Phoenix, AZ 85018",t,Phoenix,KFC,33.4805,-112.001,AZ,1.0,f,f,casual,,f,t,t,t,2
uevPN8zwJpBpnxRur1jUhw,"3734 E Thomas Rd
Phoenix, AZ 85018",t,Phoenix,Don Jose Mexican Food,33.4807458,-112.0006929,AZ,4.0,t,f,casual,beer_and_wine,t,f,t,t,1
lwgBIboXZ4j9uuZthAvTEw,"4041 E Thomas Rd
Ste 120
Phoenix, AZ 85018",f,Phoenix,Subs by Jim,33.4797564,-111.9941067,AZ,3.5,,t,casual,none,f,t,t,t,1
RIeWXLMHZQlYprYt1x2f1w,"3738 E Thomas Rd
Phoenix, AZ 85018",t,Phoenix,Ole Brass Rail,33.4807558,-112.0001367,AZ,3.5,t,t,casual,full_bar,t,t,f,t,1
9Vu9KhK2-kBSM-FXvxXGNg,"4340 E Indian School Rd
Bldg A, Ste 23
Phoenix, AZ 85018",t,Phoenix,Pei Wei,33.4954826,-111.9883722,AZ,3.5,f,f,casual,beer_and_wine,f,t,t,t,2
jHte0SjUldZeDDZ5py0ZhA,"3602 E Thomas Rd
Phoenix, AZ 85018",t,Phoenix,Pizza Hut,33.4807194,-112.0038486,AZ,1.5,f,f,casual,none,f,t,t,t,1
O02yhnk20alGOBw0HcmHGw,"4325 E Thomas Rd
Phoenix, AZ 85018",f,Phoenix,Burger King,33.4799388,-111.9883724,AZ,3.0,,f,,,f,,,,
H8QFth3DVsYbkJ2M7bTvmg,"5534 E Thomas Rd
Phoenix, AZ 85018",f,Phoenix,Sushi Mishima Restaurant,33.4800519,-111.9618902,AZ,3.0,,,,,t,,,,
i8X14GDzaYD_TOGeWjmv-A,"3826 E Thomas Rd
Phoenix, AZ 85018",t,Phoenix,Arby's,33.4807498,-111.9984076,AZ,4.5,,t,casual,,f,t,t,t,3
BicQSnGZnY_yuGEDkhVfnA,"4017 E Indian School Rd
Phoenix, AZ 85018",t,Phoenix,Little Shanghai,33.494646,-111.9947,AZ,3.5,f,f,casual,full_bar,t,t,t,t,2
QplY4p8HHJY0ncbgcpb8WQ,"2910 N 32nd St
Ste 160
Phoenix, AZ 85018",t,Phoenix,Kyoto Bowl,33.4811285,-112.0132769,AZ,2.0,f,t,casual,none,,t,t,t,1
ZN9aiuiCPAXWHmV_hB3KXw,"8501 N 7th St
Phoenix, AZ 85020",t,Phoenix,Domino's Pizza,33.5607833,-112.0648653,AZ,3.0,f,f,casual,none,,t,t,t,2
hqVbmZNLTdR2y7G7oJu9vg,"7575 N 16th St
Ste 5
Phoenix, AZ 85020",t,Phoenix,Tutti Santi,33.546583,-112.0469306,AZ,4.5,t,t,casual,full_bar,t,t,t,t,2
ytcm2DXuJWKPTqCtr6uJ4A,"8714 N 7th St
Phoenix, AZ 85020",t,Phoenix,Rainbow Donuts,33.563433,-112.065592,AZ,4.0,t,f,casual,none,f,t,t,t,1
PeswraYFyhr33CmAK5oW5A,"742 E Glendale Ave
Phoenix, AZ 85020",t,Phoenix,Subway,33.5389948,-112.0640088,AZ,3.0,f,f,casual,none,f,t,t,t,1
C4_VnxikagdjSbNQiblzYw,"7720 N 16th St
Phoenix, AZ 85020",t,Phoenix,Veranda Bistro,33.5501171,-112.048864,AZ,3.5,t,t,casual,none,f,t,t,t,1
wLZ--5d4lXImxrG7VhdTyA,"7000 N 16th St
Ste 100
Phoenix, AZ 85020",t,Phoenix,Panda Express,33.5390516,-112.0479698,AZ,3.0,f,f,casual,none,f,t,t,t,1
GvwDppcJLm9lso9iS2hSIw,"1135 E Glendale Ave
Phoenix, AZ 85020",t,Phoenix,Pat's Pizza Plus,33.5382443,-112.057106,AZ,4.0,f,f,casual,none,f,t,t,t,1
3rJE7qliy8_ylKhY5FdlIw,"7575 N 16th St
Ste 27
Phoenix, AZ 85020",f,Phoenix,Blue Saguaro Cafe,33.546583,-112.0469306,AZ,3.5,f,t,,,,t,,,1
dUJMmr6TFrHmiokijXiyUg,"717 E Glendale Ave
Phoenix, AZ 85020",f,Phoenix,Whataburger Restaurants,33.5380194,-112.0640735,AZ,4.0,,,,,,,,,1
ieYiA4L5gk7S3kZYK0l_dg,"1133 E Northern Ave
Phoenix, AZ 85020",t,Phoenix,Carlos O'Brien's,33.5525925,-112.0571654,AZ,3.5,t,f,casual,full_bar,t,t,t,t,2
YldXB1hRpnE1CWLF3mvgpQ,"1219 E Glendale Ave
Ste 14
Phoenix, AZ 85020",f,Phoenix,Spinato's Pizza,33.5378713137466,-112.055160999298,AZ,4.0,f,t,casual,full_bar,t,t,t,t,2
G9LwkTSdKOyOGqd5BbuIkA,"7330 N Dreamy Draw Dr
Phoenix, AZ 85020",t,Phoenix,Aunt Chilada's,33.545329,-112.043169,AZ,3.5,t,t,casual,full_bar,t,t,t,t,2
gOgEPdwS-oJV0XPlXErNRg,"529 E Dunlap Ave
Phoenix, AZ 85020",f,Phoenix,Filibertos Mexican Food,33.567482,-112.066228,AZ,4.5,f,f,casual,none,f,t,t,t,1
Y_dzA9OHRKa0X1cqcRmsaw,"1601 E Glendale Ave
Phoenix, AZ 85020",t,Phoenix,McDonald's,33.538023,-112.0471613,AZ,3.5,f,f,casual,none,f,t,t,t,1
4eFIVmbeCvJGCrhzmd-VYA,"17 E Dunlap Ave
Ste 2
Phoenix, AZ 85020",t,Phoenix,Grinders Coffee Company,33.5673925,-112.0730617,AZ,4.0,f,t,casual,none,f,t,t,t,1
PxqufEwqzIHAbQGRdZ3bUw,"742 E Glendale Ave
Ste 110
Phoenix, AZ 85020",t,Phoenix,Pei Wei,33.5389948,-112.0640088,AZ,3.0,f,f,casual,beer_and_wine,f,t,t,t,1
rwT9wCyXNATA36yqcb4JSg,"10618 N Cave Creek Rd
Phoenix, AZ 85020",t,Phoenix,Big Daddy's Sports Lounge,33.583061,-112.051734,AZ,4.0,t,t,casual,full_bar,t,t,t,t,2
EUXT1vSFWaiD_BFmFK8rBg,"10604 N Cave Creek Road
Phoenix, AZ 85020",t,Phoenix,Bobby D's Restaurant & Lounge,33.5826741,-112.0518284,AZ,4.0,t,f,casual,full_bar,t,t,f,t,1
Y3a3RkR97J_ReiKgiMXeJg,"11111 N 7th St
Phoenix, AZ 85020",t,Phoenix,Pointe In Tyme,33.5948949,-112.0642074,AZ,3.0,t,t,casual,full_bar,t,t,t,t,2
3Zsjlum5kl5N5KV712aTMQ,"11111 N 7th St
Phoenix, AZ 85020",t,Phoenix,Different Pointe of View,33.59547,-112.064668,AZ,4.0,f,t,dressy,full_bar,t,t,f,t,3
PxUQyOAdK8c3P_WnrXuCUg,"8901 N 12th Street
Phoenix, AZ 85020",t,Phoenix,El Rinconcito Mexican Food,33.5659709,-112.0566517,AZ,4.0,t,t,casual,none,t,t,t,t,1
-SS0C3OoPhVVBFCFfDWB2A,"9802 N 7th Street
Phoenix, AZ 85020",f,Phoenix,Tacos Jalisco,33.5752609,-112.0655777,AZ,3.5,,,casual,,f,t,t,t,1
flUKBy7WHqYdfOrwU1A2SA,"8338 N 7th St
Phoenix, AZ 85020",t,Phoenix,El Bravo,33.559959,-112.065736,AZ,4.0,f,f,casual,beer_and_wine,t,t,t,t,1
hIe65VALe8rxseYECVj08w,"7810 N 12th St
Phoenix, AZ 85020",t,Phoenix,Streets of New York,33.5501972,-112.0565593,AZ,3.0,t,t,casual,beer_and_wine,t,t,t,t,2
unPzS1QJJctlZyLGFSk_HA,"536 E Dunlap Ave
Phoenix, AZ 85020",t,Phoenix,Tony's Italian Delicatessen,33.5681919,-112.065773,AZ,4.0,f,t,casual,beer_and_wine,f,t,t,f,1
F-ykHfGY9lWr12OJ_Ofy7A,"7575 N 16th St
Phoenix, AZ 85020",t,Phoenix,Gallagher's Sports Grill,33.546583,-112.0469306,AZ,3.0,t,t,casual,full_bar,t,t,f,t,2
F3SEkW6v2LJ5y6Ldo5pPaw,"1212 E Northern Ave
Phoenix, AZ 85020",t,Phoenix,Super Dragon,33.5530686,-112.0560674,AZ,4.0,f,f,casual,beer_and_wine,t,t,t,t,2
0nyaKW_6QHSJ74OVnDmyhA,"8801 N 7th St
Phoenix, AZ 85020",f,Phoenix,China Super Buffet,33.5645681,-112.0646444,AZ,3.0,,f,casual,,t,t,t,t,1
kxDGexkbP30fBvxVI0CzFQ,"1331 E Northern Ave
Phoenix, AZ 85020",t,Phoenix,Stumpys Pizza,33.5528379672612,-112.053525918855,AZ,4.0,t,t,casual,none,f,t,t,t,1
faitVIiNezSN0ogZQSZPWQ,"Squaw Peak
7677 N 16th St
Phoenix, AZ 85020",f,Phoenix,Lantana Grille,33.5478106,-112.0467571,AZ,3.0,,,casual,full_bar,t,t,t,t,2
PkBqPU83bf1zArumGVHqcw,"7575 N 16th St
Phoenix, AZ 85020",t,Phoenix,Bamboo China Restaurant,33.546583,-112.0469306,AZ,3.0,f,f,casual,none,t,t,t,t,1
aozcOaCMwOHG8s-lbZ6_gA,"350 E Bell Rd
Ste 3
Phoenix, AZ 85022",t,Phoenix,Flamingo Palace,33.6418073,-112.0694743,AZ,3.5,f,f,casual,full_bar,t,t,t,t,2
cTyBfWfmgL3vgRetyfmtyA,"1606 E Bell Rd
Ste 101
Phoenix, AZ 85022",f,Phoenix,Sport Peppers Grill,33.6420433,-112.0472689,AZ,2.5,,t,casual,full_bar,,t,f,t,
jw-etWMob2A07geTAVkgEw,"13439 N Cave Creek Rd
Phoenix, AZ 85022",f,Phoenix,Edelweiss German Deli,33.6094844,-112.0357074,AZ,4.0,f,f,casual,none,f,t,t,t,1
adEJYiysRmK8eDqnHP9N6A,"2343 E Bell Rd
Phoenix, AZ 85022",t,Phoenix,Carl's Jr 7091,33.6400298,-112.031334,AZ,3.0,f,f,casual,none,t,t,t,t,1
Y9V4EebKsaBmvKPlxXVheA,"12202 N Cave Creek Rd
Phoenix, AZ 85022",t,Phoenix,Subway,33.5972419,-112.0381122,AZ,1.5,f,f,casual,none,f,t,t,t,1
nW_1gn19lMnS9IF1KlZ-aA,"777 E Thunderbird Rd
Phoenix, AZ 85022",f,Phoenix,Pick Up Stix,33.6075454,-112.0634243,AZ,2.5,,f,casual,none,f,t,,f,1
beSNHSvR9kjE_5vXJ_tlfw,"734 E Greenway Pkwy
Phoenix, AZ 85022",t,Phoenix,Sonic Drive-In,33.6381204,-112.0638685,AZ,2.5,f,f,casual,none,f,t,t,t,1
_IE5XDjxeM47NSzhg7sItg,"245 E Bell Rd
Phoenix, AZ 85022",f,Phoenix,Pink Pepper Thai Cuisine,33.6395383,-112.0717546,AZ,3.5,,f,casual,full_bar,t,t,t,t,2
En2GuQV7FoOGHhXX5SMEBg,"602 E Greenway Pkwy
Phoenix, AZ 85022",t,Phoenix,Wendy's,33.6376961,-112.0653886,AZ,2.5,t,f,casual,none,f,t,t,t,1
V3lQtk1LgwAEcF9j-BzchA,"350 E Bell Rd
Phoenix, AZ 85022",t,Phoenix,Famous Ray's Pizza,33.6418073,-112.0694743,AZ,4.5,t,t,casual,beer_and_wine,f,t,t,t,1
vA9aCw2kTgN8p2SLdm2mDA,"1609 E Bell Rd.
Phoenix, AZ 85022",f,Phoenix,Taste of India,33.6398283,-112.0472243,AZ,2.0,t,f,casual,full_bar,t,t,t,t,2
rGHktXbee4CErLsMrPqbrA,"16838 N 7th St
Phoenix, AZ 85022",t,Phoenix,Streets of New York,33.6387302,-112.0662042,AZ,3.5,t,t,casual,beer_and_wine,t,t,t,t,1
kF8JDYpLnbf8AZS9gpHXJg,"610 E Bell Rd
Phoenix, AZ 85022",t,Phoenix,Joey's California Bistro,33.6417133,-112.0670384,AZ,3.5,t,t,casual,full_bar,t,t,t,t,2
zTfBa__ldlTdbVgSl5h31Q,"502 E Thunderbird Rd
Phoenix, AZ 85022",t,Phoenix,Bamboo House,33.6080382,-112.0662445,AZ,3.0,t,f,casual,full_bar,t,t,t,t,2
3msnZ6oe0sslHsE1js1QUA,"430 E Bell Rd
Phoenix, AZ 85022",f,Phoenix,Baja Fresh Mexican Grill,33.6410022872606,-112.068088329063,AZ,3.0,f,t,casual,none,f,t,t,t,1
JqAI4UA2xXPYxvlhzG-i9A,"741 E Bell Road
Phoenix, AZ 85022",t,Phoenix,Eribertos Mexican Food,33.6402031,-112.0647491,AZ,3.0,f,t,casual,none,f,t,t,t,1
2J1DtN7FjGICQcgRei3jKA,"245 E Bell Rd
Ste 55
Phoenix, AZ 85022",t,Phoenix,Peter Piper Pizza,33.6395383,-112.0717546,AZ,3.5,t,f,casual,beer_and_wine,f,t,t,t,1
_BU867oRCLZnDIRmg7S6Wg,"513 E Bell Rd
Phoenix, AZ 85022",t,Phoenix,Chili's Grill & Bar,33.6401859,-112.0685999,AZ,3.0,t,t,casual,full_bar,t,t,t,t,2
kvxrjOmicwb2njvXOJsZRw,"13470 N 7th St
Phoenix, AZ 85022",t,Phoenix,Ammaccapane's Restaurant & Sports Bar,33.6094380925246,-112.06668779254,AZ,4.0,t,f,casual,full_bar,t,t,f,t,2
zwJX3eetOhpi-gv4-E4rcQ,"18440 N 7th St.
#13
Phoenix, AZ 85022",t,Phoenix,Pizza Hut,33.6543385,-112.0667308,AZ,2.5,,,casual,,,t,t,f,2
pTBS-RD0_DZwu-Scp0bWwQ,"236 E Bell Rd
Phoenix, AZ 85022",t,Phoenix,Boston Market,33.6407525,-112.0703411,AZ,3.0,f,f,casual,none,f,t,t,t,1
pNJhovUsGAZ4XqG3lCU-5g,"16842 N 7th St
Phoenix, AZ 85022",t,Phoenix,Einstein Bros Bagels,33.6390854,-112.0661413,AZ,3.5,f,t,casual,none,f,t,t,t,1
fhmKIPGVx9_O4P9zEgCHjQ,"719 E Thunderbird Rd
Phoenix, AZ 85022",t,Phoenix,McDonald's,33.6070702,-112.0643825,AZ,1.5,t,f,casual,none,f,t,t,t,1
jq_YnMQjcArdBWuwRospFg,"13226 N 7th St
Phoenix, AZ 85022",t,Phoenix,Salute Ristorante Italiano,33.606332,-112.066095,AZ,4.0,t,t,casual,full_bar,t,t,t,t,2
4XJ8gO6cbS6PuZ9dzPsrBg,"12223 N Cave Creek Rd
Phoenix, AZ 85022",t,Phoenix,Taco Bell,33.596967,-112.037524,AZ,3.5,f,f,casual,none,f,t,t,f,
pF7uRzygyZsltbmVpjIyvw,"1614 E Bell Rd
Phoenix, AZ 85022",t,Phoenix,Spinato's Pizzeria,33.6413465,-112.0472623,AZ,4.5,t,t,casual,full_bar,t,t,t,t,2
DEEAiq6dqVU8bvtC7VXztA,"2343 E Bell Rd
Phoenix, AZ 85022",t,Phoenix,Carl's Jr,33.6400298,-112.031334,AZ,1.5,t,t,casual,none,f,t,t,t,1
dMOdFKdeI7GuZUIq0jwAQg,"12831 N Cave Creek Rd
Phoenix, AZ 85022",t,Phoenix,Rolberto's Taco Shop,33.603506,-112.036383,AZ,4.5,f,f,casual,none,f,t,t,t,1
DXBPI8rR9f_IthOGPDWoIQ,"12801 N Cave Creek Rd
Phoenix, AZ 85022",t,Phoenix,Manuel's Mexican Restaurant,33.6027072,-112.0364983,AZ,4.0,t,f,casual,full_bar,t,t,t,t,2
nefBMCGgMPvOnASoyO_X1A,"1601 E Bell Rd
Ste A11
Phoenix, AZ 85022",t,Phoenix,Krua Thai Cuisine,33.6402988,-112.0481559,AZ,4.0,f,f,casual,none,t,t,t,t,1
Pv1H9KIGZTDgSaCDuTUjdQ,"12835 N Cave Creek Rd
Phoenix, AZ 85022",t,Phoenix,New North China,33.6035405,-112.0367688,AZ,3.5,f,f,casual,none,f,t,t,t,1
VTFx4ADDP6nPnlcMHB1-Ow,"903 E Bell Rd
Ste 101
Phoenix, AZ 85022",t,Phoenix,Panda Express,33.6399189,-112.0609246,AZ,3.5,f,f,casual,none,,t,t,t,1
EUfVkqNFv5Ay0W7nbaivJA,"12641 N Cave Creek Rd
Phoenix, AZ 85022",t,Phoenix,Dairy Queen,33.6022434,-112.036468,AZ,2.0,f,f,casual,,,t,t,t,1
gCQuajbLB3hQQbipYpEtYQ,"12235 N Cave Creek Rd
Phoenix, AZ 85022",f,Phoenix,Chuy's Mesquite Broiler,33.5980736,-112.0370968,AZ,3.5,t,t,casual,full_bar,f,t,t,t,1
KVOsmfgWSbtTTKxNkXB1Bw,"502 E Thunderbird Rd
Phoenix, AZ 85022",f,Phoenix,Pinky's Cafe,33.6080382,-112.0662445,AZ,3.5,,f,casual,none,t,t,t,t,1
ZN-RG7wkT8MLsmaTPzIW5g,"401 E Bell Rd
Ste 16
Phoenix, AZ 85022",f,Phoenix,Sabroso Fresh Mexican Grill,33.6383974,-112.0681419,AZ,3.0,t,t,casual,full_bar,f,t,t,t,1
aVBebzA7D9DpQ-JbiCxQNg,"735 E Bell Rd
Phoenix, AZ 85022",f,Phoenix,Lovejoys Kansas City Bar-B-Q,33.639197,-112.064368,AZ,2.5,t,t,casual,beer_and_wine,t,t,t,t,1
oMtqDDzpMcFrQwHfeYc1iA,"814 E Union Hills Dr
Ste C-14
Phoenix, AZ 85024",t,Phoenix,Dragon Bowl,33.6561233,-112.0629591,AZ,4.0,f,f,casual,none,t,t,t,t,1
fyy4WNuchHJBa2zH6L8QQw,"751 E Union Hills Dr
Ste A-1
Phoenix, AZ 85024",t,Phoenix,Domino's Pizza,33.6536099,-112.0637743,AZ,2.5,f,f,casual,none,f,t,t,t,1
vB3vEjcw9dfHmgP8ac5ZMQ,"761 E Union Hls Dr
Phoenix, AZ 85024",t,Phoenix,Dairy Queen,33.6548148,-112.0636547,AZ,3.0,f,t,casual,none,f,t,t,t,1
FucrEEO2laIlAnIZ_n6cTA,"19401 N Cave Creek Rd
Ste 1
Phoenix, AZ 85024",t,Phoenix,Subway,33.662685,-112.0302932,AZ,2.0,f,f,casual,none,,t,t,f,2
FzKvQFDbB2bimdftxMO55Q,"21043 N Cave Creek Rd
Ste A2
Phoenix, AZ 85024",t,Phoenix,Quiznos,33.6790374,-112.0300807,AZ,4.0,f,t,casual,none,f,t,t,t,1
PkBkqQpAoeX3Ogo5HBthQg,"751 E Union Hls Dr
Phoenix, AZ 85024",t,Phoenix,Gallagher's,33.6536099,-112.0637743,AZ,3.5,t,t,casual,full_bar,t,t,f,t,2
Yb2pNCxYR32XKmpirqJqeQ,"710 E Union Hills Dr
Suite 16-A
Phoenix, AZ 85024",t,Phoenix,Mi Pueblo Mexican Food,33.6560729,-112.0641072,AZ,4.0,f,f,casual,none,f,t,t,f,1
4ocBzpAkIrqXvz1Q6Hysjg,"822 E Union Hls Dr
Ste 18D
Phoenix, AZ 85024",t,Phoenix,Little Caesars Pizza,33.655793,-112.0621721,AZ,3.5,,f,casual,,,t,t,f,1
G24-f72eXmV4xxjoVYY1Lg,"710 E Union Hls Dr
Ste 18A
Phoenix, AZ 85024",f,Phoenix,Cousins Subs,33.6560729,-112.0641072,AZ,2.5,,f,casual,none,f,t,t,f,1
l8v1GHaB4CsryK6MioZ21A,"4751 E Shea Blvd
Phoenix, AZ 85028",t,Phoenix,Taco Bell,33.582569,-111.979243,AZ,3.0,f,f,casual,none,f,t,t,t,1
bexPpkHMthuCaeC0g0Lrfg,"10637 N Tatum Blvd
Phoenix, AZ 85028",t,Phoenix,Panda Express,33.5842663,-111.9767865,AZ,3.0,f,t,casual,none,f,t,t,t,1
53Lq8bak88EtuZyKMmDPmQ,"10645 North Tatum Blvd
Ste 400
Phoenix, AZ 85028",t,Phoenix,Blimpie,33.5837571,-111.9742985,AZ,4.0,f,f,casual,none,f,t,t,t,1
WQJwpYwEFT_QTR-lFIh5mA,"10240 N 32nd St
Phoenix, AZ 85028",t,Phoenix,Yasha From Russia,33.5804371,-112.0133809,AZ,3.5,f,f,casual,beer_and_wine,f,t,t,t,2
-nHYKkSJuQ7zzFZ1veRfPg,"10608 N 32nd St
Phoenix, AZ 85028",t,Phoenix,Little Peking,33.5828625,-112.0131078,AZ,4.0,f,f,casual,full_bar,t,t,t,t,1
3e00b3ic-7J7TcSklYVauw,"10810 N Tatum Blvd
Phoenix, AZ 85028",f,Phoenix,Pick Up Stix,33.5838313,-111.9786204,AZ,3.5,,f,casual,none,f,t,t,t,1
DlLduXXSwjkm7OL4Z1iH1A,"10802 N 32nd St
Phoenix, AZ 85028",t,Phoenix,Federicos Mexican Food,33.5844354,-112.0135584,AZ,3.5,t,t,casual,none,f,t,t,t,1
4sE8irsM-l6Y-Npodmx9kA,"3375 E Shea Blvd.
C2
Phoenix, AZ 85028",t,Phoenix,Pizza Hut,33.5817549,-112.0084514,AZ,2.5,f,f,casual,,f,t,,,
lf42gtgq_2_jPvjfp_K1nQ,"3217 E Shea Blvd
Phoenix, AZ 85028",t,Phoenix,Uncle Sam's,33.5821710732031,-112.012363672256,AZ,3.5,t,t,casual,beer_and_wine,t,t,t,t,1
hxruECjY-r3Y1WBaFcl90g,"12045 N 32nd Street
Phoenix, AZ 85028",t,Phoenix,Church's Chicken,33.5966758,-112.0127013,AZ,3.0,f,f,casual,none,f,t,t,t,1
TepT2VeFe3tMYdAiqj12vg,"3226 E Shea Blvd
Phoenix, AZ 85028",t,Phoenix,Subway,33.5825876,-112.0098473,AZ,3.5,f,f,casual,none,f,t,t,t,1
DIYHTgM-YGKWOWLzQ4XVhA,"3241 E Shea Blvd
Phoenix, AZ 85028",t,Phoenix,Michelina's,33.5820709,-112.0114578,AZ,4.0,f,f,casual,full_bar,t,t,f,t,2
0gQrhOYWdO0XVZEKtOrvaA,"3004 E Bell Rd
Phoenix, AZ 85032",t,Phoenix,Red Devil Italian Restaurant & Pizzeria,33.6411081,-112.0178008,AZ,4.0,t,f,casual,full_bar,t,t,t,t,2
JImJictLIE48_O1z-l2TGw,"2625 E Bell Rd
Phoenix, AZ 85032",t,Phoenix,Wagon Yard,33.6400327,-112.0249314,AZ,3.5,t,t,casual,full_bar,t,t,t,t,1
WPy74Udv6X8dgxK6F9uxCQ,"4326 E Cactus Rd
Phoenix, AZ 85032",t,Phoenix,Subway,33.5994189110164,-111.989255299753,AZ,3.5,f,f,casual,none,f,t,t,t,1
n7dkpRLUl7C6zLRRXk_BDg,"4731 E. Greenway Rd.
Ste 111
Phoenix, AZ 85032",t,Phoenix,Samurai Sam's,33.625558,-111.979556,AZ,3.5,f,t,casual,none,t,t,t,t,1
cuxqnMMmbBV0iE2KJJy60Q,"3202 E Greenway Rd
Ste 1289
Phoenix, AZ 85032",f,Phoenix,A A Wok,33.6272318,-112.0121147,AZ,3.0,,f,casual,,,t,,,1
q5Vz6JNAGDqAT_P1lB1jVg,"2435 E Bell Rd
Phoenix, AZ 85032",f,Phoenix,Taco Bell,33.64024,-112.029534,AZ,2.0,f,f,casual,none,f,t,t,t,1
Snu39WyiChz0NwFWRMyUvQ,"2447 E Bell Road
Phoenix, AZ 85032",t,Phoenix,McDonald's,33.640074,-112.0289332,AZ,2.0,,f,casual,,,t,t,t,1
-KZA7UoULw_pM3jBBUzb8A,"3143 E Greenway Rd
Phoenix, AZ 85032",t,Phoenix,Sardellas Pizza and Wings,33.624732,-112.0144864,AZ,3.0,t,f,casual,none,f,t,t,t,1
1OO3fy6z5lxlRuHnnhPStg,"3202 E Greenway Rd
Ste 1611
Phoenix, AZ 85032",t,Phoenix,Best of Europe Meats & Deli,33.628335,-112.013147,AZ,4.5,f,f,casual,none,f,f,t,f,1
qXQ3ZBdwI3GlbR5-eYWqNA,"4747 E Bell Rd
Phoenix, AZ 85032",t,Phoenix,Saba's Mediterranean Kitchen,33.639783,-111.97826,AZ,4.0,t,t,casual,beer_and_wine,t,t,t,t,2
HghAgkxoEpUNZNQbAY485A,"3329 E Bell Rd
Ste 15
Phoenix, AZ 85032",f,Phoenix,Chuck E Cheese's,33.6399009,-112.0100999,AZ,3.0,f,f,casual,,,t,t,t,2
vFJmFFfPVhHkC3bWOeZnNA,"2848 E Bell Rd
Phoenix, AZ 85032",t,Phoenix,Casey Jones Grill,33.6405727,-112.0202933,AZ,4.0,t,f,casual,full_bar,t,t,t,t,2
4SwDarJGXaUPGv8QpmpHxQ,"4550 E Cactus Rd
Phoenix, AZ 85032",f,Phoenix,Ruby Tuesday,33.6021872,-111.9836094,AZ,4.0,,,casual,,,t,t,,
4mZ__NR8jLD1k0rYpSbplA,"4715 E Cactus Rd
Phoenix, AZ 85032",t,Phoenix,Outback Steakhouse,33.597933,-111.9791618,AZ,3.5,t,t,casual,full_bar,t,t,t,t,2
hNVcBhJSD5HyLKMf_Z7TaA,"12811 N Tatum Blvd
Ste A
Phoenix, AZ 85032",f,Phoenix,Islands Restaurant,33.6024722,-111.9781727,AZ,3.5,t,f,casual,full_bar,t,t,t,t,2
j5HLcBru7FEirYJPbKFVWA,"12635 N Tatum Blvd
Phoenix, AZ 85032",t,Phoenix,Breadcrafters Bakery & Cafe,33.6009221526541,-111.978694484131,AZ,4.0,f,t,casual,none,f,t,t,f,2
otjJD3ZoMVQOflk4LvoFZg,"4605 E Cactus Rd
Phoenix, AZ 85032",f,Phoenix,Souper Salad,33.5989263,-111.9814759,AZ,2.5,,f,casual,,t,t,t,t,1
DLBRqj-RXzg2QPJko9L7dw,"4040 E Bell Road
Phoenix, AZ 85032",t,Phoenix,Village Inn,33.6411675,-111.9942361,AZ,3.0,t,f,casual,,t,t,t,t,2
p1ntTC9-CI6x5Y_nUoo6Ag,"4501 E Cactus Rd
Phoenix, AZ 85032",t,Phoenix,IHOP,33.5993289,-111.9871884,AZ,3.0,f,f,casual,none,t,t,t,t,1
nqpUjsD-nUIQCrr15B9W-g,"4050 East Bell Road
Phoenix, AZ 85032",t,Phoenix,KFC,33.6409,-111.993,AZ,2.0,f,f,casual,none,f,t,t,t,1
lDpZvI18smqlyBeC4YykFA,"4007 E Greenway Rd
Phoenix, AZ 85032",t,Phoenix,Sonic,33.625997,-111.9955378,AZ,3.0,f,t,casual,none,t,t,t,t,1
ydnc0p_oPL80BBKJNZGw_Q,"3329 E Bell Rd
Phoenix, AZ 85032",t,Phoenix,Ramiros Mexican Food,33.6399009,-112.0100999,AZ,3.5,f,f,casual,none,,t,t,t,1
Wxt6FGF4vxsnKYksMZRoiA,"2948 E Bell Rd
Phoenix, AZ 85032",f,Phoenix,Los Alamos Mexican Food,33.6410451,-112.0192408,AZ,4.0,t,f,casual,none,t,t,t,f,1
hgy8A1Wnqyi4M-HJIFLpyQ,"3550 E Bell Rd
Phoenix, AZ 85032",t,Phoenix,Dairy Queen,33.6410075,-112.0052463,AZ,1.5,f,f,casual,none,f,t,t,t,1
UYHa5iKUddnZrlxF7taI0Q,"3205 E Bell Rd
Phoenix, AZ 85032",t,Phoenix,Denny's,33.6402002330038,-112.012882679701,AZ,2.5,f,t,casual,none,t,t,t,t,1
gxQBcIpzjGPCh9Gbncu0qA,"4326 E Cactus Rd
Ste C3
Phoenix, AZ 85032",f,Phoenix,Voodoo Daddy's Magic Kitchen,33.5996159,-111.9897031,AZ,4.0,t,,,full_bar,,,,,
EfmR4e1tmjC5_ZQOgfnYrg,"3923 E Thunderbird Rd
Ste 113
Phoenix, AZ 85032",t,Phoenix,Roma Garden Ristorante,33.6107716621037,-111.996334513497,AZ,4.5,t,f,casual,full_bar,t,t,t,t,2
oqZPXoenkQvAKQJ2pDCo0A,"12631 N Tatum Blvd
Phoenix, AZ 85032",t,Phoenix,Julio G's Tatum,33.600769,-111.978772,AZ,3.5,t,t,casual,full_bar,t,t,t,t,2
IcuPhhH7QCOCT19EDEppEw,"4030 E Thunderbird Rd
Phoenix, AZ 85032",t,Phoenix,Einstein Bros Bagels,33.6123187276048,-111.994230046627,AZ,2.5,f,t,casual,none,f,t,t,t,1
iOITnizWLD3NlKxRtZd5AA,"4747 East Bell Rd
Phoenix, AZ 85032",t,Phoenix,Rubio's Fresh Mexican Grill,33.6399,-111.9781637,AZ,3.5,f,t,casual,beer_and_wine,f,t,t,t,1
5MlUPatQxg4GZhkPwGIvrQ,"4717 E Bell Rd
Phoenix, AZ 85032",f,Phoenix,3 Margaritas,33.640232,-111.979545,AZ,2.0,,f,casual,full_bar,t,t,t,t,2
doEZAj-NSnoEMOJl5yXcNw,"15236 N Cave Creek Rd
Phoenix, AZ 85032",t,Phoenix,Yusef's Middle Eastern Restaurant Grocery & Deli,33.6256435,-112.0313324,AZ,4.0,f,f,casual,none,t,t,t,f,1
F5vKD7ajS69CwuFyBVxA_g,"4002 E Thunderbird Rd
Phoenix, AZ 85032",t,Phoenix,Boston Market,33.6122248985113,-111.995450313492,AZ,3.5,f,t,casual,none,,t,t,t,2
VpQZo6KV8CqkIG_MRQ3jiA,"3510 E Bell Rd
Phoenix, AZ 85032",t,Phoenix,Brennan's Pub & Grub,33.641301,-112.006681,AZ,3.5,t,t,casual,full_bar,t,t,f,t,1
4zBdx_EZFaDFJ9MvqxYNeg,"3202 E Greenway Rd
Phoenix, AZ 85032",t,Phoenix,Gorditas El Tio,33.6272318,-112.0121147,AZ,4.0,t,f,casual,none,f,t,t,f,1
vWcUrFcweGXAWsil_pfpjw,"2901 East Bell Road
Phoenix, AZ 85032",t,Phoenix,Whataburger,33.640244,-112.0196286,AZ,4.0,f,f,casual,none,f,t,t,t,1
1cGZU2gDewDfEu-bBMZEgQ,"3217 E Greenway Road
Phoenix, AZ 85032",t,Phoenix,Los Betos Mexican Food,33.6259655,-112.0121895,AZ,3.5,f,t,casual,none,f,t,t,t,1
VK9AdK8hjxIWU3C2W9_k0w,"4669 E Cactus Rd
Phoenix, AZ 85032",f,Phoenix,Pasta Pomodoro,33.5973156,-111.9815688,AZ,3.5,,,,full_bar,t,,,,2
rEC1QrZVEYH8LpowJ_DNZA,"3932 E Thunderbird Rd
Suite 111
Phoenix, AZ 85032",t,Phoenix,Panda Express,33.6109922273372,-111.996369370431,AZ,3.5,f,f,casual,none,f,t,t,t,1
K8GqMhhVvz8pqq9F7sE-Sg,"2601 E Bell Rd
Phoenix, AZ 85032",t,Phoenix,Sinaloa,33.640094,-112.025911,AZ,3.5,t,f,casual,full_bar,t,t,t,t,2
d9JDpGG6Rowq7L4FWBI86A,"4020 E Bell Rd
Phoenix, AZ 85032",t,Phoenix,Jack in the Box,33.6411796,-111.9948666,AZ,4.5,,f,casual,,,t,f,t,1
r7Ge8_c5Y2TXthb4CSjzaA,"12615 N Tatum Blvd
Phoenix, AZ 85032",t,Phoenix,Shogun,33.6003783,-111.9786507,AZ,3.0,t,t,casual,full_bar,t,t,t,t,2
hx9dmPZZHvLQgEhlAZ-Seg,"16615 N Cave Creek Rd
Phoenix, AZ 85032",t,Phoenix,Pueblo Viejo,33.6373518,-112.0307766,AZ,3.0,,,,,,t,,,
qdI9KaRhOzaJRK0dvGUSaw,"4514 E Cactus Rd
Phoenix, AZ 85032",f,Phoenix,Coco's Family Restaurant,33.600271,-111.985242,AZ,2.0,f,f,casual,beer_and_wine,t,t,t,t,1
VQtMFcgkRz7MCIo9sPDaeg,"4651 E Cactus Rd
Phoenix, AZ 85032",t,Phoenix,Golden Wok Chinese Restaurant,33.5984411,-111.9815927,AZ,3.5,f,f,casual,full_bar,t,t,t,t,2
4T-oySmxM_-ojR_nTqF7pA,"3208 E Cactus Rd
Phoenix, AZ 85032",f,Phoenix,Golden Bowl Chinese Food,33.5974201,-112.0123844,AZ,3.5,f,t,casual,,,t,t,f,2
dvjYiddhJ2HrosdSBAqngg,"13636 N Tatum Blvd
Ste 10
Phoenix, AZ 85032",t,Phoenix,Go Go China,33.6108408,-111.9791027,AZ,2.0,f,f,casual,none,f,t,t,f,1
QSCeI8HdUluG-YmbDWo-fw,"3120 E Cactus Rd
Phoenix, AZ 85032",t,Phoenix,Streets of New York,33.597327,-112.014251,AZ,3.0,t,t,casual,beer_and_wine,t,t,t,t,2
LGLOtR2e-v74MpB51k8hxQ,"2412 E Greenway Rd
Phoenix, AZ 85032",t,Phoenix,Lim's Chinese Buffet,33.6268737,-112.0297844,AZ,3.0,f,f,casual,none,t,t,t,t,1
cM_Pgssgemse4PefTNnvrw,"3202 E Greenway Rd
Ste 1281
Phoenix, AZ 85032",f,Phoenix,Chompie's,33.6272318,-112.0121147,AZ,4.5,,,casual,,t,t,t,t,2
lAGDe38li38fyf971CslFg,"13825 N 32nd St
Phoenix, AZ 85032",t,Phoenix,Dragon Palace,33.6122924,-112.0123285,AZ,4.0,f,f,casual,full_bar,t,t,t,t,2
ajf3Myr1PKX9RaLS_Ukc8A,"17017 N Cave Creek Rd
Phoenix, AZ 85032",t,Phoenix,Jack in the Box,33.6412074,-112.0305029,AZ,2.5,f,f,casual,none,f,t,t,t,1
u5o4H8h0sIVhqa8Lcusi5g,"3131 E Thunderbird Rd
Phoenix, AZ 85032",t,Phoenix,Fatso's Pizza,33.6102008,-112.0149317,AZ,3.5,t,f,casual,full_bar,t,t,t,t,2
VDUwU8bHmeGgtJpe-rz3bQ,"2948 E Bell Rd
Ste 103
Phoenix, AZ 85032",t,Phoenix,Yunan Wok,33.6410451,-112.0192408,AZ,2.0,t,f,casual,none,t,t,t,f,2
2RxIERKZi5gjLW76MkFotQ,"4022 E Greenway Rd
Ste 10
Phoenix, AZ 85032",t,Phoenix,40th Street Cafe,33.6273462,-111.995345,AZ,4.0,t,t,casual,none,t,t,t,f,1
UtmsxhLHB4lYSN_NxKW3XA,"18413 N Cave Creek Rd
Phoenix, AZ 85032",t,Phoenix,Papa John's Pizza,33.6542255,-112.0293936,AZ,2.0,t,f,casual,none,f,t,t,t,2
KRqtYdnDpwqYfWkFhZYjow,"4747 E Bell Rd
Ste 19
Phoenix, AZ 85032",t,Phoenix,Wang Express,33.6399,-111.9781637,AZ,3.5,t,f,casual,none,f,t,t,t,1
DfLML2IlhUqztTBURxOAxg,"12802 N Tatum Blvd
Phoenix, AZ 85032",t,Phoenix,5 & Diner,33.6031987895031,-111.978970122229,AZ,3.5,t,t,casual,none,t,t,t,t,1
Xhrg9t7GGokrQecxXSOvUg,"4635 E Cactus Rd
Phoenix, AZ 85032",t,Phoenix,HoneyBaked Ham,33.5981368582736,-111.983612516949,AZ,3.5,,,,,,t,,,1
WxpCYziMlEy8mrEa_VcB1w,"13001 N Tatum Blvd
Phoenix, AZ 85032",f,Phoenix,La Parrilla Suiza,33.6049273,-111.9777821,AZ,3.5,t,t,casual,full_bar,t,t,t,t,2
avvNnkpGpGIS-2CClsduXA,"2435 S 47th St
Phoenix, AZ 85034",t,Phoenix,Rimrock Bar & Grille,33.4244496,-111.9802141,AZ,3.0,t,t,casual,full_bar,t,t,f,t,2
7pj0w2wN4LWhvTCPz78h1Q,"2435 S 47th St
Phoenix, AZ 85034",t,Phoenix,Rennick's Restaurant,33.4244496,-111.9802141,AZ,2.0,t,t,casual,full_bar,t,t,f,t,2
SeqfJOg6jZGx2W1bs142cg,"1810 W Northern Ave
Phoenix, AZ 85021",t,Phoenix,Papa John's Pizza,33.553457,-112.098337,AZ,4.0,,f,casual,none,f,t,t,t,1
Bjl0Y7U3pIGtx23fQduA4w,"209 N 24th St
Phoenix, AZ 85034",f,Phoenix,Rally's Hamburgers,33.450595,-112.029835,AZ,3.5,,t,casual,none,f,t,t,t,1
4mPaDuo9urNu43xJ3KefMg,"4801 E Washington St
Suite 1
Phoenix, AZ 85034",t,Phoenix,Cousins Subs,33.446572,-111.977677,AZ,3.5,f,f,casual,none,f,t,t,f,1
6GNi9_zkTIHXosttQbKr_A,"2810 S 24th St
Ste 116
Phoenix, AZ 85034",t,Phoenix,The Sub Shop,33.4219874,-112.0309596,AZ,4.5,t,f,casual,none,f,t,t,f,1
d52zg-S0o940WUCK-nNiKw,"1202 E Mohave St
Phoenix, AZ 85034",t,Phoenix,Carolina's Mexican Food,33.4315556,-112.0560841,AZ,4.0,f,f,casual,none,f,t,t,t,1
RKOS92ptLgEU3BUNMtDHrw,"1140 E Washington St
Phoenix, AZ 85034",f,Phoenix,Bobby C's Bar & Lounge,33.4485562,-112.05742,AZ,3.5,,f,casual,full_bar,t,t,f,t,2
ayTBDjx-S7TH4maWKBiAFw,"1137 E Buckeye Rd
Phoenix, AZ 85034",t,Phoenix,Wong's Chinese Dining,33.4367928,-112.0569366,AZ,4.0,f,f,casual,beer_and_wine,t,t,t,t,1
19hZVXTJ8nGUMBsuIfgm5g,"1111 E Buckeye Rd
Phoenix, AZ 85034",t,Phoenix,Petes Fish & Chips,33.4364731,-112.0583729,AZ,3.0,f,t,casual,none,f,f,t,t,1
1nq6zzJuVgwaHtXau97_Iw,"122 N 16th St
Phoenix, AZ 85034",t,Phoenix,Asadero Norte De Sonora,33.4500573,-112.0479422,AZ,4.5,t,f,casual,none,t,t,t,t,1
CkfZW-6dkN7ooT-A4axZIw,"1545 E Buckeye Rd
Phoenix, AZ 85034",t,Phoenix,Burger King,33.4364599,-112.0481661,AZ,2.5,t,f,casual,none,f,t,t,t,1
39oUcXr-06fcfT_MZ94z-Q,"4801 E Washington St
Phoenix, AZ 85034",t,Phoenix,Hap's Pit Barbecue,33.4469457619823,-111.97798968448,AZ,3.5,f,f,casual,none,f,t,t,t,1
r9suhOcuPWLeGeEeHhJZPA,"120 S 26th St
Phoenix, AZ 85034",t,Phoenix,Fabulous Food,33.446546,-112.0260772,AZ,4.0,,,,,,t,,,
YxMnfznT3eYya0YV37tE8w,"3202 E Washington St
Phoenix, AZ 85034",t,Phoenix,Knock Kneed Lobster,33.4485057,-112.0126321,AZ,3.5,f,f,casual,beer_and_wine,f,t,t,t,2
7U8TYNW4Mvx6m3zexsO0sg,"5009 E Washington St
Ste 115
Phoenix, AZ 85034",t,Phoenix,Stockyards Restaurant,33.446195133741,-111.97493461419,AZ,4.0,t,f,casual,full_bar,t,t,f,t,3
VuPhv9CNIHLOzS2JeDwLOA,"228 S 24th St
Phoenix, AZ 85034",f,Phoenix,Waffle House,33.445002,-112.030738,AZ,4.0,,f,casual,none,t,t,t,t,1
3QtWG5sN3HJNBVKn_wHQEw,"3800 E Sky Harbor Blvd
Ste 4
Phoenix, AZ 85034",f,Phoenix,Oaxaca Sky Harbor,33.4352284,-111.9978273,AZ,3.0,f,f,casual,none,f,t,t,f,1
1-t2rcSaH4JGi1jejiHfCA,"3150 E Washington St
Phoenix, AZ 85034",t,Phoenix,Jack in the Box,33.4484569,-112.0132755,AZ,2.0,f,f,casual,none,t,t,t,t,1
W9KQvVwD7AxDjh7eGQsDnQ,"Indian School Rd
Ste 32N
Phoenix, AZ 85034",f,Phoenix,Hap's Pit Barbeque,33.4382789,-112.0178286,AZ,4.5,f,f,casual,none,f,t,t,t,1
A-8Q15fZHKGn3dLjazNwHw,"3800 E Sky Harbor Blvd
Phoenix, AZ 85034",t,Phoenix,Wendy's,33.4352284,-111.9978273,AZ,2.5,f,f,casual,none,f,t,t,t,1
mVIHgIkaLHMCdGUE2XCxvw,"2426 E Jefferson St
Phoenix, AZ 85034",t,Phoenix,Mandy's Fish & Chips,33.447507,-112.028839,AZ,3.5,t,f,casual,none,f,t,t,t,1
sh1-BzB29lIOA2qQ_PxN-A,"3363 E University Dr
Phoenix, AZ 85034",t,Phoenix,Waffle House,33.4155984,-112.0080231,AZ,3.0,f,f,casual,none,t,t,t,f,1
OcKBQXkd6H_-VvTOX_dOxg,"3922 E University Dr
Phoenix, AZ 85034",t,Phoenix,Luv A Sub,33.4224623,-111.9963825,AZ,3.5,t,f,casual,none,f,t,f,t,1
wWIK4pP8eTVRiTQIUQ6O9Q,"324 E Southern Ave
Phoenix, AZ 85040",t,Phoenix,Domino's Pizza,33.3925009,-112.0693586,AZ,3.0,f,f,casual,none,f,t,t,t,1
-d1I0dwtCg1IIjnI3DZ38Q,"4044 S 16th St
Phoenix, AZ 85040",t,Phoenix,Susie's Mexican Cafe & Lounge,33.4087855,-112.0474439,AZ,3.5,t,t,casual,beer_and_wine,t,t,t,t,1
kktQXaj7zI_PGkH6SR2YPg,"5819 S Central Ave
Phoenix, AZ 85040",t,Phoenix,New Sun Star Super Buffet,33.3936908,-112.0732157,AZ,2.5,t,f,casual,none,f,t,t,t,1
41SzC2WJ-RVUpVZ2NJfE-w,"3130 E Broadway Rd
Phoenix, AZ 85040",t,Phoenix,McDonald's,33.407507,-112.0138782,AZ,2.0,t,f,casual,none,f,t,t,t,1
McDRY65dB9a2hyk_bzcnkQ,"5217 S Central Ave
Phoenix, AZ 85040",t,Phoenix,Dairy Queen,33.3990049,-112.0724706,AZ,5.0,f,f,casual,,f,t,t,t,1
-b_VjHZmA7-8LVWp6z36VA,"2707 E Broadway Rd
Phoenix, AZ 85040",t,Phoenix,Mim's Burger & Mexican Food,33.4069304,-112.0236613,AZ,3.5,t,f,casual,none,f,t,t,f,1
d2AeNB4xw67E1Bzpo1Pm7Q,"416 N 7th Ave
Phoenix, AZ 85007",t,Phoenix,AZTECA Bakeries & Restaurant,33.454073,-112.082889,AZ,4.0,f,t,casual,none,f,t,t,t,1
NXPuaH5R8rMfYqnnP5s1WA,"3920 S Central Ave
Phoenix, AZ 85040",t,Phoenix,Pete's Fish & Chips,33.4108083,-112.0736201,AZ,3.0,f,t,casual,none,f,f,t,t,1
O7QQ_ThdvSWx0lR3CTRLOA,"5219 S 7th St
Phoenix, AZ 85040",t,Phoenix,Wongs To Go,33.3988088,-112.0643413,AZ,4.5,f,,casual,,,t,t,t,1
Bv3g-9R5wUevZPP0jzihqg,"5220 S Central Avenue
Phoenix, AZ 85040",t,Phoenix,Las Glorias Restaurant,33.39868,-112.0736674,AZ,3.5,t,f,casual,beer_and_wine,t,t,t,t,2
H61Oufiiwyt_ElSrw-WGyA,"4245 S Central Avenue
Phoenix, AZ 85040",t,Phoenix,Church's Fried Chicken,33.406983,-112.0730413,AZ,2.5,,,casual,,,t,,t,
Jw1ucgEz9SlUKK7_7sqOdw,"1714 E Broadway Rd
Phoenix, AZ 85040",t,Phoenix,Tam's,33.4068188,-112.0443048,AZ,3.5,f,f,casual,none,f,t,t,f,1
x-YyGmE9tIXAUdg_4Py5KA,"5233 S Central Ave
Ste 9
Phoenix, AZ 85040",t,Phoenix,Pizza Hut,33.3986064,-112.0725275,AZ,1.5,f,f,casual,none,f,t,t,f,2
_nypuc5Ke462rFWKoZ_bDw,"4118 S Central Ave
Phoenix, AZ 85040",t,Phoenix,El Nuevo Taquito,33.4091458,-112.0737396,AZ,4.5,t,t,casual,none,f,t,t,t,1
Ho1cBoj4aB7U0zJ4cAWHbA,"5403 S Central Ave
Phoenix, AZ 85040",t,Phoenix,La Sonorense Tortilla Factory,33.3975407,-112.0728932,AZ,5.0,f,f,casual,none,f,f,,f,2
Na3_Q4palzFkeMrfEFU_Iw,"4220 S 16th Street
Phoenix, AZ 85040",t,Phoenix,Bahia De Guaymas,33.4078846,-112.0474349,AZ,4.5,,,,,,t,t,t,2
NnoEbaGnQa44CZE_A5tBTQ,"3348 E Wier Ave
Phoenix, AZ 85040",t,Phoenix,Mama Lola's Tortillas,33.403705,-112.008613,AZ,4.0,,,,,,t,,,
YOrKbBFKRFqUjMwNJke2WQ,"5239 S Central Avenue
Phoenix, AZ 85040",t,Phoenix,El Tacazo,33.398211,-112.072944,AZ,4.0,f,f,casual,beer_and_wine,f,t,t,t,1
ZaS6zYn_Pb3QrGRZJfNyzA,"4252 S 48th St
Phoenix, AZ 85040",t,Phoenix,Del Taco,33.407691443117,-111.97861167821,AZ,2.5,f,f,casual,none,f,t,t,t,1
uyuiIvQ3aWZxc1-2i_dQtQ,"4750 E Broadway Rd
Phoenix, AZ 85040",t,Phoenix,Jay's Gyro's,33.4076905,-111.9793258,AZ,3.0,t,f,casual,none,f,t,t,t,1
FBuNLiL2KILEQ9e8SbNWPw,"4645 E Broadway Rd
Ste 101
Phoenix, AZ 85040",t,Phoenix,Port of Subs,33.4069946,-111.98087,AZ,3.5,f,f,casual,none,f,t,t,t,1
ZRqpSeZEw6sy8r01TdCudQ,"4233 S 37th St
Phoenix, AZ 85040",f,Phoenix,Salsas Y Sombreros,33.4086449,-112.0019208,AZ,4.5,,f,,,f,,,,1
awsp9XXB-ag3FNpTD5EKmw,"4002 E Broadway Rd
Phoenix, AZ 85040",t,Phoenix,Burger King,33.4076437,-111.9948908,AZ,3.0,t,f,casual,,,t,t,t,1
67gi179fNUkU5sApNTcrMg,"3937 E Anne St
Phoenix, AZ 85040",t,Phoenix,Peppersauce Cafe,33.412592,-111.996111,AZ,4.0,f,t,casual,none,t,t,t,t,1
2Yn5IgbAOtc7_bT0g47bQA,"4430 South 48th Street
Phoenix, AZ 85040",t,Phoenix,Taco Bell,33.406735,-111.97758,AZ,4.0,f,f,casual,,f,t,t,t,1
GTVneiUeIyRL8Wa_WmEQ0g,"4610 South 48th Street
Phoenix, AZ 85040",t,Phoenix,Whataburger,33.4057660452224,-111.978737037329,AZ,2.5,f,f,casual,none,f,t,t,t,1
0Apb1P7RzbQEkeJDuywlPQ,"4230 S 48th St
Phoenix, AZ 85040",f,Phoenix,George & Dragon II English Restaurant Pub,33.4089039,-111.9783494,AZ,2.0,,f,casual,full_bar,t,t,t,t,2
bbiV-lPmRaK_gjzE77x_jA,"3202 S 40th St
Phoenix, AZ 85040",f,Phoenix,South Bank Grill,33.417869,-111.9959441,AZ,3.5,t,f,casual,full_bar,t,t,t,t,1
06YP_JnJzns84fOyQ0HA0Q,"6845 S Central Ave
Phoenix, AZ 85042",t,Phoenix,Playas Del Novilleros,33.3834256,-112.07285,AZ,4.0,t,f,casual,,t,t,t,t,3
JNTpW2zBftGllVr7iieazQ,"610 E Baseline Rd
Ste C2
Phoenix, AZ 85042",t,Phoenix,Subway,33.3791179,-112.0653467,AZ,2.5,,,,,,,,,
_zksiS8qbYcn9GMi6kqhoA,"6815 S Central Ave
Phoenix, AZ 85042",t,Phoenix,Little Caesar's Pizza,33.3843342,-112.0728651,AZ,2.5,f,f,casual,none,f,t,t,t,1
gw-V13MyfzFaCTbALfnn2Q,"26 E Baseline Rd
#120
Phoenix, AZ 85042",t,Phoenix,El Mesquite Restaurant,33.3790989,-112.0705987,AZ,4.0,f,f,casual,beer_and_wine,t,t,t,t,1
UHCyY_IxIXmM5CFO4zF4JA,"6044 S 16th St
Phoenix, AZ 85042",t,Phoenix,New China,33.391409,-112.049206,AZ,2.5,f,f,casual,none,f,t,t,t,1
NTgVdfRLbU0aKJH_9h3VCw,"6420 S Central Ave
Phoenix, AZ 85042",t,Phoenix,Gino's Pizza,33.3878505,-112.0735848,AZ,3.0,t,f,casual,none,f,t,t,t,1
QEytIMqL_i4VETkP_kqePQ,"7440 S Jesse Owens Pkwy
Phoenix, AZ 85042",t,Phoenix,Sonic Drive-In,33.3784149,-112.069534,AZ,2.0,,t,casual,,,t,t,t,1
hBodj_f6adUAnEVUb_he_A,"6607 S Central Ave
Phoenix, AZ 85042",t,Phoenix,Turk's Fish and Chips,33.386429,-112.072962,AZ,1.5,,,casual,,f,t,t,,1
eVZG9sXJSz9zZpX7H2WHiw,"665 E Baseline Rd
Phoenix, AZ 85042",t,Phoenix,Burger King,33.3773506,-112.0663308,AZ,1.5,t,f,casual,none,f,t,t,f,1
14NSxaXBNspIVnsrMYJZVw,"7202 S Central Ave
Phoenix, AZ 85042",t,Phoenix,Poncho's Mexican Food,33.3811449,-112.0737297,AZ,3.5,t,f,casual,full_bar,t,t,t,t,1
qrapwnls-3IMg-iaXhkQKw,"7050 S Central Ave
Phoenix, AZ 85042",t,Phoenix,Canton Wong #8,33.3815553,-112.0736476,AZ,3.5,t,f,casual,none,t,t,t,t,1
MLcXtnpzygZvQ9BtseLLlw,"6106 S 32nd St
Phoenix, AZ 85042",t,Phoenix,Farm At South Mountain,33.3906771,-112.0129108,AZ,4.0,f,t,casual,none,t,t,t,t,2
_Nx8hwTmjR_x62Byjav0Ew,"6066 S Central Ave
Phoenix, AZ 85042",t,Phoenix,La Olmeca Restaurant,33.39147,-112.0733997,AZ,3.0,,f,casual,,f,t,t,t,1
gg26wjL2eTRIvmdyb7RXAQ,"7440 S 7th St
Phoenix, AZ 85042",t,Phoenix,Taco Bell,33.378712,-112.064795,AZ,3.0,f,f,casual,none,f,t,t,t,1
2C-LUkc5Y6fhUpJyTNadFg,"6241 S 7th St
Phoenix, AZ 85042",t,Phoenix,Sergio El Pollo Feliz,33.389154,-112.064148,AZ,4.0,,,,,,,,,
R7YlKfLpoFDAJQB9hBcQJA,"4709 E Southern Avenue
Phoenix, AZ 85042",t,Phoenix,China Restaurant,33.3923824,-111.9802861,AZ,4.0,f,f,casual,none,t,t,t,t,1
mcgtZvjjCXLY-Dt7V_XZ6g,"4749 E Southern Ave
Phoenix, AZ 85042",t,Phoenix,Jack-In-the Box,33.3924049,-111.978725,AZ,1.5,t,f,casual,none,,t,t,t,1
lbECi2rbJPZWzHdmrC9xAA,"4747 E Elliot Rd
Ste 6
Phoenix, AZ 85044",f,Phoenix,Abacus Inn Chinese Restaurant,33.3480616,-111.9820214,AZ,3.0,,f,casual,full_bar,t,t,t,t,2
s_rPbgLOpWDgulVn9wd7GQ,"4623 E Elliot Rd
Phoenix, AZ 85044",f,Phoenix,Chuy's Mesquite Broiler,33.3485028,-111.9837827,AZ,2.5,,,casual,full_bar,t,t,f,t,1
SgGINtDKQgoXoAnQgrDKDg,"5030 E. Ray Road #5
Phoenix, AZ 85044",t,Phoenix,Native Grill & Wings,33.3217349,-111.975816,AZ,3.0,t,t,casual,full_bar,t,t,t,t,2
SQ7MWe4iDbvhuVcBpCar9A,"4810 E Ray Rd
Ste 1
Phoenix, AZ 85044",t,Phoenix,Pizza Hut,33.3211875,-111.9795022,AZ,3.0,,f,,beer_and_wine,t,t,t,t,2
-0HGqwlfw3I8nkJyMHxAsQ,"4750 E Warner Rd
Phoenix, AZ 85044",t,Phoenix,McDonald's,33.331156,-111.981475,AZ,3.0,t,f,casual,none,f,t,t,t,1
o4FZTKyvNx4bxG1PprFY5w,"4950 E Ray Rd
Phoenix, AZ 85044",t,Phoenix,Jack-In-the Box Drive Thru,33.320354,-111.9767043,AZ,2.0,f,f,casual,none,f,t,t,t,1
mMFW9cZU1gQYv1uWREzg_w,"4810 E Ray Rd
Phoenix, AZ 85044",t,Phoenix,Subway,33.3211875,-111.9795022,AZ,4.5,f,f,casual,none,f,t,t,f,1
